word_count,avg_word_length
31,4.161290322580645
47,4.425531914893617
21,3.7142857142857144
7,3.857142857142857
19,3.4210526315789473
5,4.0
10,3.1
4,5.75
13,3.4615384615384617
4,5.75
79,3.8860759493670884
4,3.25
1,7.0
5,3.8
1,2.0
6,3.3333333333333335
12,3.9166666666666665
7,3.5714285714285716
2,2.5
5,3.6
13,3.769230769230769
13,3.6923076923076925
7,4.142857142857143
1,6.0
6,3.8333333333333335
26,3.5
6,3.5
39,3.6923076923076925
5,3.6
18,4.222222222222222
17,4.294117647058823
13,3.6153846153846154
17,4.117647058823529
10,3.2
4,6.0
12,4.083333333333333
22,4.409090909090909
18,3.388888888888889
4,6.5
49,3.6122448979591835
8,3.375
27,3.6666666666666665
8,4.625
30,4.5
13,3.6153846153846154
6,4.0
8,4.25
5,3.6
8,3.75
5,3.8
14,4.857142857142857
8,3.125
24,3.7916666666666665
18,3.5
15,3.8
31,5.161290322580645
7,4.571428571428571
12,5.5
8,5.75
17,4.352941176470588
15,4.133333333333334
35,4.0
8,4.75
22,4.681818181818182
22,3.727272727272727
22,4.5
11,3.4545454545454546
7,3.2857142857142856
13,4.0
22,3.272727272727273
19,4.631578947368421
8,4.625
7,4.428571428571429
5,3.8
14,4.214285714285714
11,4.454545454545454
8,3.375
2,8.5
35,3.742857142857143
17,4.117647058823529
18,4.5
4,6.25
7,6.285714285714286
14,3.5
43,3.9069767441860463
6,4.5
6,5.5
9,4.888888888888889
2,3.5
17,4.294117647058823
7,4.142857142857143
4,3.5
18,4.0
10,4.5
14,4.357142857142857
9,3.3333333333333335
15,3.2666666666666666
16,3.8125
18,4.277777777777778
41,4.2682926829268295
10,3.1
9,3.5555555555555554
14,4.214285714285714
5,3.4
24,3.5833333333333335
28,3.75
7,4.714285714285714
7,3.5714285714285716
20,3.7
29,3.7586206896551726
21,3.8095238095238093
1,2.0
16,3.9375
26,4.5
33,4.818181818181818
37,5.378378378378378
5,5.6
7,4.714285714285714
25,4.52
5,5.6
23,4.434782608695652
33,4.212121212121212
20,4.05
27,4.0
28,4.428571428571429
32,4.9375
22,4.636363636363637
5,5.8
45,4.266666666666667
47,4.127659574468085
36,4.388888888888889
27,4.777777777777778
15,5.866666666666666
11,4.363636363636363
50,4.76
92,4.521739130434782
39,4.6923076923076925
7,6.0
8,4.375
40,4.45
4,5.5
20,4.6
28,5.285714285714286
56,4.160714285714286
9,3.5555555555555554
13,4.153846153846154
5,4.2
4,4.5
14,4.5
10,4.4
26,3.8076923076923075
15,3.7333333333333334
29,4.0
20,4.2
1,2.0
9,4.444444444444445
22,4.0
9,3.6666666666666665
4,3.5
50,4.2
19,4.105263157894737
5,5.2
14,5.0
23,5.217391304347826
10,5.5
13,5.0
15,4.533333333333333
17,3.823529411764706
4,6.5
43,4.5813953488372094
21,5.238095238095238
6,4.0
33,4.212121212121212
27,4.148148148148148
1,2.0
20,4.1
6,3.3333333333333335
9,4.0
18,4.777777777777778
12,4.083333333333333
15,3.6666666666666665
7,3.7142857142857144
11,3.0
28,3.892857142857143
16,3.8125
52,4.096153846153846
9,3.6666666666666665
11,3.8181818181818183
1,2.0
8,3.75
5,5.0
6,4.833333333333333
12,4.333333333333333
14,4.142857142857143
8,5.75
27,5.037037037037037
31,3.935483870967742
11,4.090909090909091
12,4.5
6,4.666666666666667
16,3.5625
5,3.6
32,4.375
22,4.136363636363637
8,4.625
18,4.333333333333333
5,5.8
14,3.7142857142857144
7,4.0
3,3.0
4,2.5
8,4.5
9,4.888888888888889
10,4.3
20,3.95
7,4.142857142857143
14,3.9285714285714284
7,4.428571428571429
2,4.5
1,2.0
14,3.5714285714285716
7,3.7142857142857144
10,4.0
13,3.4615384615384617
17,3.764705882352941
12,3.3333333333333335
16,4.1875
10,5.8
28,4.678571428571429
10,3.5
7,4.0
3,6.333333333333333
11,4.545454545454546
28,3.892857142857143
54,4.925925925925926
32,4.5625
56,4.625
32,4.84375
30,4.366666666666666
62,4.290322580645161
60,4.166666666666667
22,4.545454545454546
31,4.548387096774194
17,4.823529411764706
34,4.9411764705882355
18,4.944444444444445
6,5.666666666666667
10,4.5
18,4.888888888888889
9,4.888888888888889
14,5.428571428571429
13,5.6923076923076925
52,4.4423076923076925
37,4.513513513513513
12,4.416666666666667
36,3.8333333333333335
24,4.708333333333333
18,4.944444444444445
33,4.424242424242424
8,5.375
67,4.373134328358209
21,4.476190476190476
10,5.7
5,5.0
20,3.85
4,5.5
15,5.866666666666666
34,4.705882352941177
15,5.0
6,4.666666666666667
9,3.888888888888889
1,2.0
11,4.181818181818182
27,4.592592592592593
18,4.0
32,4.40625
9,5.0
15,4.4
3,3.3333333333333335
19,4.2631578947368425
12,5.083333333333333
14,3.5
2,4.5
5,4.2
35,3.7142857142857144
19,4.157894736842105
5,3.8
6,4.0
2,4.0
8,4.125
28,4.25
16,5.0625
6,5.166666666666667
10,2.8
14,3.7142857142857144
42,3.4761904761904763
21,3.4761904761904763
16,3.75
13,3.923076923076923
22,3.8636363636363638
22,4.636363636363637
13,2.8461538461538463
19,4.368421052631579
19,4.842105263157895
51,4.0588235294117645
13,5.384615384615385
8,4.125
18,4.277777777777778
25,3.4
15,3.4
30,3.7
22,4.5
12,4.833333333333333
8,4.0
45,4.733333333333333
54,5.074074074074074
94,4.361702127659575
8,4.5
30,4.066666666666666
39,4.153846153846154
22,4.0
28,4.535714285714286
16,3.9375
21,4.0
13,3.4615384615384617
19,3.736842105263158
12,4.416666666666667
21,3.380952380952381
9,3.5555555555555554
38,4.7631578947368425
16,4.8125
20,3.8
40,3.975
12,4.083333333333333
18,4.111111111111111
7,4.0
27,4.0
11,4.636363636363637
5,3.8
36,4.555555555555555
34,4.9411764705882355
42,4.071428571428571
9,4.888888888888889
28,4.357142857142857
38,4.368421052631579
10,3.8
16,3.6875
30,4.866666666666666
33,4.03030303030303
41,4.2439024390243905
8,6.375
53,4.452830188679245
29,4.310344827586207
24,4.333333333333333
6,3.8333333333333335
12,4.333333333333333
17,4.823529411764706
10,4.0
20,3.3
23,3.782608695652174
67,4.567164179104478
14,4.285714285714286
5,3.2
12,3.5
13,4.076923076923077
11,3.6363636363636362
11,4.818181818181818
38,4.026315789473684
16,4.0
36,4.166666666666667
9,5.222222222222222
55,4.672727272727273
37,4.837837837837838
67,4.298507462686567
55,4.5636363636363635
7,4.714285714285714
12,4.5
20,4.55
4,4.75
4,5.0
30,4.5
9,3.6666666666666665
10,5.6
6,3.1666666666666665
1,6.0
2,4.0
13,3.769230769230769
16,3.25
8,3.5
3,4.0
34,4.0
50,4.08
18,3.9444444444444446
15,3.7333333333333334
45,4.488888888888889
18,3.5
17,4.235294117647059
17,4.823529411764706
44,4.068181818181818
8,5.25
24,4.75
6,5.666666666666667
32,4.5625
4,4.25
25,4.6
5,4.0
15,5.333333333333333
10,4.0
8,4.75
6,4.833333333333333
24,3.875
24,4.708333333333333
9,5.888888888888889
3,6.333333333333333
3,6.333333333333333
4,4.5
8,3.875
9,2.888888888888889
11,4.181818181818182
19,4.368421052631579
8,3.375
15,4.466666666666667
19,4.473684210526316
30,4.666666666666667
51,4.8431372549019605
15,4.4
35,4.0285714285714285
45,4.288888888888889
65,4.984615384615385
35,4.8
13,5.615384615384615
13,5.384615384615385
17,4.588235294117647
17,4.529411764705882
34,4.735294117647059
36,4.444444444444445
11,3.8181818181818183
41,4.634146341463414
20,4.05
17,4.235294117647059
14,3.642857142857143
11,3.909090909090909
14,3.642857142857143
27,4.703703703703703
19,3.9473684210526314
20,3.55
64,3.9375
37,4.297297297297297
28,4.535714285714286
22,4.5
4,3.25
4,3.25
11,3.727272727272727
12,3.75
46,3.9782608695652173
10,3.3
11,4.363636363636363
7,5.571428571428571
2,5.0
10,3.1
9,4.333333333333333
5,3.8
2,4.0
22,3.8636363636363638
21,3.9047619047619047
1,2.0
20,4.2
8,3.25
12,3.8333333333333335
11,3.6363636363636362
13,3.6923076923076925
15,4.466666666666667
15,4.733333333333333
24,4.416666666666667
14,4.285714285714286
11,4.545454545454546
14,5.642857142857143
8,3.625
18,3.611111111111111
16,4.4375
38,4.947368421052632
13,3.8461538461538463
36,4.194444444444445
2,4.0
46,4.065217391304348
1,2.0
7,3.142857142857143
8,4.375
7,3.4285714285714284
11,3.272727272727273
12,3.3333333333333335
29,4.551724137931035
4,6.0
20,3.3
12,3.1666666666666665
12,3.25
15,3.4
10,3.2
12,4.25
6,3.3333333333333335
33,4.757575757575758
13,3.8461538461538463
12,5.416666666666667
21,4.285714285714286
65,4.861538461538461
22,5.0
40,4.375
25,5.2
11,3.909090909090909
28,5.0
8,4.75
10,5.5
19,4.052631578947368
42,4.380952380952381
30,5.466666666666667
4,7.0
29,4.689655172413793
42,4.380952380952381
15,5.333333333333333
28,4.321428571428571
16,4.5625
47,4.638297872340425
25,5.0
20,4.5
32,4.90625
6,3.6666666666666665
60,4.8
17,4.529411764705882
32,4.78125
9,3.888888888888889
55,3.7454545454545456
24,4.041666666666667
23,4.608695652173913
20,4.45
8,5.125
5,5.0
4,4.5
6,4.833333333333333
6,4.333333333333333
14,4.357142857142857
6,3.8333333333333335
34,3.911764705882353
16,4.0625
16,5.0
7,5.285714285714286
30,3.9
2,6.0
23,3.9130434782608696
6,3.3333333333333335
18,5.166666666666667
13,4.538461538461538
24,4.583333333333333
11,4.363636363636363
38,4.052631578947368
20,3.8
15,3.8
10,5.1
11,4.818181818181818
20,4.4
19,4.894736842105263
31,4.645161290322581
23,4.782608695652174
43,4.27906976744186
50,4.42
7,4.857142857142857
6,4.166666666666667
6,4.333333333333333
8,5.375
12,3.9166666666666665
23,4.304347826086956
25,4.04
18,4.555555555555555
11,5.545454545454546
34,3.676470588235294
14,4.928571428571429
18,4.388888888888889
10,4.7
15,3.8
15,4.0
14,4.285714285714286
1,7.0
16,3.9375
16,4.1875
4,2.5
21,4.380952380952381
10,4.5
14,3.857142857142857
6,5.333333333333333
18,4.611111111111111
43,4.5813953488372094
8,4.25
11,3.1818181818181817
4,3.25
11,4.818181818181818
7,3.0
10,4.0
5,5.4
7,5.0
7,5.714285714285714
22,4.045454545454546
4,6.5
7,3.7142857142857144
6,3.0
9,4.666666666666667
33,4.151515151515151
14,4.714285714285714
22,4.0
16,4.0625
19,5.0
8,3.25
16,4.9375
9,3.3333333333333335
1,2.0
22,5.181818181818182
53,4.566037735849057
27,4.555555555555555
12,4.75
8,4.0
16,3.75
6,3.1666666666666665
15,4.866666666666666
46,4.891304347826087
14,4.857142857142857
40,4.325
13,3.3076923076923075
26,5.3076923076923075
7,6.0
15,4.733333333333333
19,4.2105263157894735
33,4.909090909090909
40,4.225
11,6.090909090909091
38,4.894736842105263
56,4.428571428571429
29,4.517241379310345
12,5.5
15,5.733333333333333
46,4.869565217391305
28,4.857142857142857
25,5.28
17,4.529411764705882
7,3.7142857142857144
10,3.0
10,3.6
9,4.555555555555555
1,7.0
2,6.0
6,3.3333333333333335
11,3.4545454545454546
25,4.88
7,5.571428571428571
61,3.8688524590163933
11,3.727272727272727
16,4.1875
14,3.7142857142857144
19,3.526315789473684
27,4.148148148148148
10,4.7
12,4.5
7,3.857142857142857
5,4.8
1,2.0
4,6.5
21,3.6666666666666665
5,3.4
20,4.1
25,3.76
15,4.933333333333334
6,3.6666666666666665
8,5.25
6,4.666666666666667
16,4.0625
13,4.923076923076923
18,4.333333333333333
14,5.357142857142857
18,3.388888888888889
15,4.933333333333334
15,4.866666666666666
21,4.380952380952381
12,3.9166666666666665
26,3.230769230769231
13,4.3076923076923075
8,5.25
15,4.533333333333333
11,5.2727272727272725
5,4.4
30,3.7
25,4.92
7,5.142857142857143
12,5.583333333333333
17,4.705882352941177
27,4.814814814814815
7,4.857142857142857
12,3.8333333333333335
6,3.5
4,4.0
8,4.5
24,4.833333333333333
5,4.6
5,3.2
8,4.375
22,4.363636363636363
20,4.0
8,3.375
14,4.571428571428571
7,4.428571428571429
1,2.0
10,3.4
12,4.333333333333333
22,3.727272727272727
5,4.2
7,3.7142857142857144
36,3.861111111111111
5,3.6
6,4.5
12,4.166666666666667
8,5.75
13,3.5384615384615383
13,4.6923076923076925
14,3.7857142857142856
8,3.5
6,6.333333333333333
23,4.086956521739131
20,5.25
39,4.3076923076923075
23,4.6521739130434785
19,5.631578947368421
11,5.090909090909091
42,4.333333333333333
31,4.935483870967742
34,5.0
40,4.05
41,4.195121951219512
12,3.4166666666666665
4,7.25
1,2.0
24,4.166666666666667
17,3.9411764705882355
15,3.6
57,4.491228070175438
12,3.8333333333333335
32,4.71875
6,5.0
28,4.75
15,4.2
19,5.421052631578948
48,4.604166666666667
11,4.2727272727272725
4,3.5
4,5.5
3,4.666666666666667
4,4.5
15,3.8666666666666667
4,5.0
6,4.166666666666667
13,3.8461538461538463
10,3.5
10,3.7
9,3.111111111111111
6,2.8333333333333335
5,4.6
7,3.857142857142857
8,3.75
3,3.6666666666666665
42,4.214285714285714
13,4.0
10,3.6
1,2.0
5,3.8
6,3.5
13,4.153846153846154
15,4.466666666666667
20,3.5
20,4.3
9,4.333333333333333
4,3.25
9,4.444444444444445
1,2.0
11,5.363636363636363
10,3.8
26,4.423076923076923
9,5.666666666666667
11,5.2727272727272725
12,5.083333333333333
14,3.7857142857142856
38,5.026315789473684
25,5.12
64,4.515625
21,4.190476190476191
22,3.4545454545454546
19,4.894736842105263
21,3.761904761904762
54,3.9814814814814814
19,4.421052631578948
12,3.75
22,4.7727272727272725
46,3.717391304347826
21,4.714285714285714
14,4.571428571428571
19,4.473684210526316
49,4.673469387755102
13,4.615384615384615
12,5.333333333333333
16,4.5625
23,4.521739130434782
16,4.25
19,5.157894736842105
47,4.361702127659575
39,4.769230769230769
35,4.485714285714286
26,4.038461538461538
35,4.2
19,5.157894736842105
19,5.421052631578948
8,4.25
9,4.444444444444445
3,3.3333333333333335
6,5.166666666666667
30,3.533333333333333
20,4.1
10,4.1
18,4.611111111111111
32,5.03125
37,4.675675675675675
35,3.942857142857143
32,4.8125
6,4.5
10,4.3
44,4.568181818181818
6,4.0
10,4.9
1,2.0
17,4.117647058823529
36,4.527777777777778
27,3.3333333333333335
5,3.2
48,4.395833333333333
19,4.421052631578948
32,4.71875
24,4.958333333333333
52,4.326923076923077
24,5.166666666666667
10,4.9
1,2.0
1,3.0
17,4.352941176470588
8,4.375
12,4.416666666666667
21,4.523809523809524
24,4.583333333333333
15,4.466666666666667
20,4.3
18,4.722222222222222
15,4.4
5,4.8
17,4.470588235294118
7,3.7142857142857144
20,4.65
9,5.666666666666667
9,5.0
1,7.0
23,3.5652173913043477
19,4.2631578947368425
59,4.864406779661017
6,6.833333333333333
19,5.631578947368421
34,4.617647058823529
32,4.84375
7,3.7142857142857144
40,4.075
12,3.9166666666666665
13,4.461538461538462
14,4.714285714285714
23,4.695652173913044
23,4.086956521739131
20,3.8
33,4.696969696969697
34,4.705882352941177
17,4.529411764705882
45,3.888888888888889
10,4.5
11,3.8181818181818183
19,3.526315789473684
5,3.4
51,4.529411764705882
40,3.975
44,3.772727272727273
31,4.774193548387097
19,4.473684210526316
20,3.6
16,4.3125
20,4.4
35,4.3428571428571425
14,4.214285714285714
8,5.625
16,4.3125
23,4.608695652173913
41,4.609756097560975
4,3.75
10,3.8
10,5.0
31,3.6774193548387095
22,5.590909090909091
19,4.105263157894737
63,4.333333333333333
1,2.0
1,8.0
3,5.333333333333333
6,5.166666666666667
9,3.6666666666666665
11,4.7272727272727275
8,4.125
4,4.5
13,3.230769230769231
7,3.0
13,3.6153846153846154
8,4.75
9,2.7777777777777777
19,4.421052631578948
5,4.0
8,3.125
2,7.0
26,4.153846153846154
5,3.4
12,3.8333333333333335
28,4.214285714285714
15,4.4
10,3.6
19,4.315789473684211
10,4.5
7,4.714285714285714
21,4.571428571428571
5,4.0
6,4.333333333333333
16,4.875
7,4.428571428571429
18,4.166666666666667
12,3.9166666666666665
6,5.0
9,4.0
12,4.166666666666667
7,3.4285714285714284
15,4.933333333333334
19,4.315789473684211
12,4.416666666666667
7,5.285714285714286
8,4.25
5,4.0
2,7.0
8,5.0
7,4.142857142857143
6,3.6666666666666665
5,3.2
23,5.0
7,4.285714285714286
12,4.75
20,3.95
9,3.888888888888889
24,4.666666666666667
12,4.583333333333333
34,4.411764705882353
32,5.3125
19,4.684210526315789
40,4.4
60,5.416666666666667
34,4.617647058823529
26,4.576923076923077
47,4.127659574468085
13,5.538461538461538
20,4.55
52,4.884615384615385
42,4.4523809523809526
14,5.071428571428571
53,4.735849056603773
12,4.666666666666667
10,4.9
25,4.4
26,4.615384615384615
26,4.653846153846154
30,4.666666666666667
11,4.909090909090909
45,4.555555555555555
40,4.05
6,3.0
27,4.0
10,3.5
12,3.75
4,5.5
5,4.4
7,2.857142857142857
13,3.5384615384615383
2,5.5
2,5.0
11,2.909090909090909
12,4.0
23,3.391304347826087
23,4.6521739130434785
40,4.575
25,3.32
1,2.0
12,4.0
8,3.5
44,3.7045454545454546
13,4.153846153846154
53,4.264150943396227
22,4.818181818181818
21,4.238095238095238
26,3.5
5,4.2
15,3.933333333333333
18,3.8333333333333335
6,6.0
76,4.315789473684211
3,4.666666666666667
90,4.733333333333333
70,4.6
40,4.55
77,4.740259740259741
37,5.054054054054054
39,4.230769230769231
31,3.838709677419355
30,3.8333333333333335
26,5.961538461538462
9,3.2222222222222223
5,3.4
8,4.625
13,4.0
10,3.7
7,3.4285714285714284
6,2.8333333333333335
10,4.2
14,5.071428571428571
6,3.3333333333333335
12,4.75
17,4.117647058823529
15,4.866666666666666
35,4.114285714285714
32,4.5
17,4.588235294117647
28,4.678571428571429
9,5.0
12,4.25
57,4.087719298245614
24,4.625
25,3.48
5,4.6
9,4.333333333333333
1,2.0
4,3.0
12,3.8333333333333335
20,3.55
15,4.0
29,4.310344827586207
14,4.0
29,4.172413793103448
10,4.7
38,5.0
27,4.074074074074074
37,3.918918918918919
7,5.142857142857143
23,4.260869565217392
49,4.714285714285714
16,5.8125
7,4.571428571428571
7,4.428571428571429
45,4.955555555555556
23,4.608695652173913
29,3.896551724137931
20,4.5
44,4.363636363636363
56,4.589285714285714
23,3.5652173913043477
14,3.5714285714285716
6,3.5
20,4.65
9,3.111111111111111
4,3.75
14,4.714285714285714
1,2.0
14,4.142857142857143
8,3.375
3,4.333333333333333
8,4.125
37,4.54054054054054
43,5.0
20,4.6
4,4.75
11,3.8181818181818183
31,4.709677419354839
30,4.9
35,4.542857142857143
26,4.384615384615385
22,4.409090909090909
21,4.666666666666667
43,4.790697674418604
6,6.333333333333333
43,4.767441860465116
36,4.027777777777778
35,4.828571428571428
7,4.714285714285714
12,5.666666666666667
44,4.5227272727272725
8,3.875
21,3.8095238095238093
45,4.466666666666667
17,4.705882352941177
9,4.222222222222222
13,4.923076923076923
20,5.15
60,4.883333333333334
64,4.703125
45,4.888888888888889
68,4.6911764705882355
53,4.283018867924528
32,5.4375
8,3.625
29,4.827586206896552
65,4.938461538461539
45,4.511111111111111
21,4.523809523809524
13,4.769230769230769
37,4.054054054054054
87,4.494252873563219
6,6.666666666666667
83,4.265060240963855
21,4.571428571428571
15,3.8666666666666667
35,4.3428571428571425
34,4.470588235294118
22,4.454545454545454
56,4.642857142857143
37,4.648648648648648
19,4.631578947368421
25,4.4
53,4.981132075471698
19,5.2105263157894735
11,5.636363636363637
16,3.75
54,4.481481481481482
9,4.666666666666667
17,4.705882352941177
7,3.5714285714285716
13,4.153846153846154
21,4.523809523809524
51,4.529411764705882
95,4.610526315789474
49,5.1020408163265305
64,4.375
56,4.714285714285714
40,4.225
28,4.642857142857143
15,4.8
20,5.5
44,4.454545454545454
16,5.375
46,4.760869565217392
28,4.357142857142857
78,4.576923076923077
122,4.811475409836065
74,4.77027027027027
40,4.55
6,3.6666666666666665
34,5.029411764705882
57,4.543859649122807
67,4.701492537313433
54,4.62962962962963
19,4.473684210526316
39,3.8974358974358974
22,4.409090909090909
50,4.9
47,4.361702127659575
7,5.0
6,7.0
6,5.166666666666667
26,4.769230769230769
26,4.384615384615385
11,4.0
6,4.166666666666667
35,4.428571428571429
6,5.5
25,4.6
7,4.428571428571429
12,3.75
17,3.9411764705882355
17,4.117647058823529
7,3.4285714285714284
14,3.142857142857143
8,4.0
22,4.818181818181818
7,3.5714285714285716
20,4.1
8,4.0
6,5.333333333333333
11,4.2727272727272725
35,4.314285714285714
27,4.2592592592592595
14,4.285714285714286
5,4.6
21,4.142857142857143
19,3.473684210526316
19,4.052631578947368
1,2.0
12,3.0833333333333335
10,3.3
48,3.875
46,4.108695652173913
31,5.096774193548387
22,5.090909090909091
35,5.085714285714285
21,4.476190476190476
36,4.972222222222222
7,3.7142857142857144
13,4.3076923076923075
6,4.833333333333333
17,4.352941176470588
40,4.225
1,6.0
16,4.5
9,4.666666666666667
7,4.142857142857143
22,3.909090909090909
2,5.5
7,4.428571428571429
6,4.666666666666667
7,4.0
20,3.7
43,4.651162790697675
50,3.8
20,3.65
5,4.4
17,3.4705882352941178
4,4.75
6,5.166666666666667
13,3.230769230769231
13,3.6153846153846154
16,5.125
12,3.75
9,4.222222222222222
17,5.0
31,4.193548387096774
23,4.086956521739131
15,3.7333333333333334
9,3.111111111111111
28,5.035714285714286
29,5.172413793103448
5,5.6
17,3.8823529411764706
26,4.346153846153846
45,4.688888888888889
35,4.485714285714286
44,4.045454545454546
13,4.846153846153846
57,4.526315789473684
2,5.0
2,7.0
2,6.5
17,3.411764705882353
21,4.190476190476191
23,4.3478260869565215
12,4.666666666666667
20,4.25
11,4.181818181818182
1,3.0
26,4.346153846153846
16,4.4375
25,4.76
37,4.54054054054054
7,3.5714285714285716
4,3.5
7,3.5714285714285716
10,3.1
10,4.2
23,4.304347826086956
7,3.142857142857143
14,5.071428571428571
19,4.684210526315789
30,4.633333333333334
23,4.173913043478261
6,3.8333333333333335
5,3.6
3,2.6666666666666665
7,5.142857142857143
7,3.5714285714285716
10,4.4
5,4.4
13,4.076923076923077
24,3.9583333333333335
24,5.75
27,5.111111111111111
12,4.166666666666667
54,4.351851851851852
38,4.2105263157894735
28,4.678571428571429
34,4.794117647058823
13,4.538461538461538
20,4.2
25,4.44
5,3.0
9,4.888888888888889
11,4.545454545454546
25,4.16
12,5.166666666666667
27,4.7407407407407405
45,4.622222222222222
38,4.078947368421052
54,4.833333333333333
40,4.725
20,4.95
12,4.583333333333333
9,4.111111111111111
44,3.75
73,4.52054794520548
17,4.705882352941177
45,4.333333333333333
51,4.803921568627451
22,3.5
9,6.111111111111111
24,4.875
28,4.25
14,3.7142857142857144
16,3.5
34,4.352941176470588
3,4.666666666666667
19,3.8421052631578947
11,4.818181818181818
1,2.0
1,2.0
34,4.764705882352941
10,3.3
7,4.285714285714286
6,5.666666666666667
7,3.5714285714285716
10,4.0
28,4.392857142857143
50,5.0
32,4.5625
29,4.344827586206897
30,4.7
15,5.066666666666666
31,5.161290322580645
46,4.695652173913044
53,4.377358490566038
14,4.428571428571429
24,4.458333333333333
24,4.875
86,4.627906976744186
102,4.088235294117647
6,6.166666666666667
19,4.473684210526316
7,5.0
7,3.7142857142857144
25,4.6
17,4.588235294117647
38,4.631578947368421
62,4.967741935483871
23,4.521739130434782
18,4.0
56,4.071428571428571
18,4.666666666666667
46,4.934782608695652
35,4.742857142857143
21,4.9523809523809526
41,4.2682926829268295
101,4.445544554455446
67,5.164179104477612
9,6.222222222222222
35,4.857142857142857
68,4.25
15,5.133333333333334
36,4.75
9,4.222222222222222
22,4.590909090909091
47,4.595744680851064
33,4.181818181818182
2,6.0
8,4.625
11,4.0
7,3.0
47,4.531914893617022
41,4.439024390243903
59,4.3559322033898304
6,4.333333333333333
22,4.090909090909091
25,3.64
15,4.133333333333334
2,4.0
7,4.0
16,4.5
6,3.1666666666666665
10,3.7
1,9.0
7,3.7142857142857144
39,4.205128205128205
19,4.473684210526316
18,4.388888888888889
36,4.444444444444445
15,4.133333333333334
12,3.25
7,5.428571428571429
8,4.0
32,3.84375
28,4.5
4,5.25
27,4.444444444444445
35,4.742857142857143
28,4.178571428571429
11,4.909090909090909
45,4.266666666666667
10,4.3
8,4.625
10,4.1
42,4.595238095238095
6,5.5
11,3.8181818181818183
23,4.608695652173913
41,4.829268292682927
23,5.0
9,3.3333333333333335
18,4.388888888888889
21,4.190476190476191
5,3.8
3,4.333333333333333
1,7.0
1,2.0
14,3.5
21,3.238095238095238
6,5.333333333333333
16,4.0
9,5.0
7,3.142857142857143
46,5.086956521739131
11,4.090909090909091
8,2.875
9,4.777777777777778
3,2.6666666666666665
19,4.842105263157895
8,3.875
15,5.133333333333334
7,2.857142857142857
5,4.0
4,3.75
7,2.2857142857142856
11,4.7272727272727275
49,4.408163265306122
15,4.066666666666666
13,4.230769230769231
50,4.6
32,4.65625
44,4.159090909090909
53,4.320754716981132
65,4.107692307692307
23,3.782608695652174
23,4.826086956521739
46,4.021739130434782
12,4.416666666666667
6,6.0
2,6.0
4,5.5
17,3.9411764705882355
16,3.8125
18,4.666666666666667
30,4.666666666666667
33,5.181818181818182
22,4.181818181818182
24,4.041666666666667
16,4.3125
81,4.320987654320987
16,4.0625
8,4.5
11,3.909090909090909
11,4.090909090909091
3,4.0
8,3.375
29,4.551724137931035
23,4.565217391304348
47,4.1063829787234045
21,4.571428571428571
29,4.827586206896552
54,4.62962962962963
23,3.782608695652174
33,4.454545454545454
7,5.142857142857143
19,4.473684210526316
37,3.5405405405405403
10,4.9
10,4.2
3,3.0
11,4.2727272727272725
8,4.375
17,4.235294117647059
68,4.632352941176471
110,4.736363636363636
29,4.0
47,4.446808510638298
30,4.466666666666667
43,3.9302325581395348
12,3.4166666666666665
26,4.5
40,4.525
6,5.333333333333333
15,4.0
8,5.0
36,4.638888888888889
7,4.428571428571429
9,3.6666666666666665
44,4.636363636363637
37,4.702702702702703
25,4.28
58,4.5
19,5.157894736842105
56,4.053571428571429
65,4.061538461538461
40,4.275
25,5.16
48,4.5625
8,5.25
14,3.2142857142857144
23,3.5652173913043477
6,4.833333333333333
11,3.727272727272727
11,4.454545454545454
9,4.888888888888889
12,4.416666666666667
9,5.666666666666667
41,4.585365853658536
16,5.375
40,4.175
5,5.0
34,4.794117647058823
39,4.846153846153846
64,4.53125
19,4.2105263157894735
4,5.25
18,4.0
24,4.708333333333333
16,4.6875
20,4.25
6,4.666666666666667
9,4.333333333333333
28,4.785714285714286
8,4.0
47,4.23404255319149
31,3.967741935483871
9,3.2222222222222223
24,4.208333333333333
39,4.384615384615385
28,5.107142857142857
30,4.433333333333334
25,3.52
44,4.704545454545454
80,4.35
42,4.928571428571429
9,4.888888888888889
36,4.055555555555555
24,3.8333333333333335
42,4.523809523809524
8,4.125
22,5.2727272727272725
32,4.53125
18,4.166666666666667
52,4.0576923076923075
24,5.041666666666667
59,4.915254237288136
5,4.2
9,4.555555555555555
19,4.526315789473684
33,4.515151515151516
5,5.0
58,4.448275862068965
36,4.527777777777778
43,5.604651162790698
20,5.5
35,4.171428571428572
11,4.090909090909091
7,4.714285714285714
58,4.431034482758621
52,4.576923076923077
17,4.9411764705882355
1,12.0
15,3.6666666666666665
7,3.5714285714285716
18,4.666666666666667
6,2.6666666666666665
5,4.2
13,3.6153846153846154
5,3.6
4,4.25
8,3.375
25,5.0
50,4.98
16,3.9375
22,4.7727272727272725
32,4.59375
27,4.7407407407407405
19,3.789473684210526
42,4.428571428571429
116,4.517241379310345
11,4.636363636363637
36,4.777777777777778
6,4.333333333333333
36,3.861111111111111
4,3.5
18,3.4444444444444446
36,3.9166666666666665
36,4.805555555555555
38,4.657894736842105
71,4.352112676056338
20,3.75
21,4.285714285714286
58,4.120689655172414
27,4.592592592592593
8,5.125
7,3.5714285714285716
8,3.75
9,3.6666666666666665
10,4.4
23,4.043478260869565
57,4.052631578947368
24,3.7916666666666665
16,4.875
37,3.72972972972973
7,4.285714285714286
24,3.4583333333333335
24,4.375
26,4.730769230769231
30,4.4
10,4.5
19,3.8947368421052633
23,3.9130434782608696
32,4.90625
9,5.555555555555555
104,4.115384615384615
12,5.416666666666667
35,3.657142857142857
22,4.2727272727272725
36,4.388888888888889
55,4.5636363636363635
21,5.142857142857143
38,4.447368421052632
23,4.565217391304348
11,4.818181818181818
23,4.304347826086956
7,4.571428571428571
4,4.0
24,4.375
4,5.75
32,4.78125
65,5.184615384615385
71,4.76056338028169
58,5.172413793103448
40,4.825
15,4.2
8,3.75
21,3.8095238095238093
44,4.545454545454546
36,4.638888888888889
9,5.111111111111111
9,4.555555555555555
12,4.166666666666667
19,3.4210526315789473
22,4.2727272727272725
12,4.083333333333333
33,3.5757575757575757
31,4.161290322580645
16,4.375
5,3.8
5,3.8
20,4.05
9,3.0
5,5.0
6,4.5
9,4.222222222222222
5,3.6
5,4.2
13,4.538461538461538
9,4.444444444444445
10,3.7
12,4.25
3,2.6666666666666665
5,5.0
9,4.888888888888889
3,2.6666666666666665
2,4.0
6,3.1666666666666665
7,5.142857142857143
6,3.0
8,3.25
7,5.714285714285714
13,3.6153846153846154
24,3.5416666666666665
32,5.0
10,3.7
9,4.333333333333333
12,4.333333333333333
21,4.238095238095238
15,3.2666666666666666
18,4.277777777777778
13,4.769230769230769
31,5.67741935483871
9,5.777777777777778
11,5.090909090909091
28,4.25
21,5.190476190476191
16,4.5
29,3.4827586206896552
8,4.5
14,3.5714285714285716
63,4.523809523809524
23,3.739130434782609
10,4.0
11,5.0
32,3.9375
48,3.5833333333333335
12,3.0833333333333335
9,3.4444444444444446
26,3.3846153846153846
9,4.777777777777778
11,4.363636363636363
16,4.75
6,4.0
5,3.0
8,4.375
24,5.041666666666667
62,4.225806451612903
61,4.786885245901639
11,5.0
2,4.5
14,3.642857142857143
22,4.5
35,3.9714285714285715
48,4.4375
45,4.866666666666666
20,4.85
7,3.4285714285714284
9,4.888888888888889
36,4.5
36,5.138888888888889
29,5.0
47,4.425531914893617
12,5.0
11,3.8181818181818183
22,4.454545454545454
15,3.8
24,4.833333333333333
28,4.535714285714286
15,5.933333333333334
51,3.784313725490196
47,4.829787234042553
32,4.65625
15,4.8
38,5.105263157894737
58,4.706896551724138
27,4.333333333333333
23,4.478260869565218
6,3.8333333333333335
38,4.7368421052631575
61,4.704918032786885
6,3.1666666666666665
69,4.753623188405797
24,4.041666666666667
43,4.767441860465116
10,4.0
14,5.428571428571429
83,3.9759036144578315
34,4.176470588235294
41,4.585365853658536
15,3.8
13,4.076923076923077
5,3.4
6,3.1666666666666665
5,3.2
6,3.0
10,4.6
7,3.7142857142857144
22,4.0
43,5.093023255813954
35,4.3428571428571425
52,4.634615384615385
34,4.382352941176471
10,3.9
6,3.8333333333333335
5,3.6
41,4.682926829268292
6,2.6666666666666665
9,4.111111111111111
8,4.5
4,3.25
2,6.5
8,3.125
18,3.9444444444444446
23,3.8260869565217392
4,4.0
7,4.142857142857143
12,4.166666666666667
6,4.0
6,3.6666666666666665
20,4.25
70,4.014285714285714
68,4.147058823529412
19,4.578947368421052
7,4.142857142857143
22,4.5
3,3.6666666666666665
17,4.0
8,4.0
13,3.5384615384615383
27,4.2592592592592595
42,4.5
5,3.0
4,5.5
17,5.0588235294117645
19,4.473684210526316
14,4.071428571428571
8,4.25
13,4.923076923076923
37,5.108108108108108
25,4.44
34,5.029411764705882
60,4.683333333333334
53,4.566037735849057
30,3.966666666666667
7,5.571428571428571
19,3.473684210526316
23,4.695652173913044
36,5.138888888888889
35,4.542857142857143
40,4.4
67,4.8059701492537314
9,5.0
25,4.44
16,4.1875
66,4.424242424242424
49,4.877551020408164
21,4.619047619047619
29,5.172413793103448
64,4.609375
1,6.0
11,5.0
33,4.606060606060606
5,7.2
12,3.6666666666666665
6,6.5
22,4.681818181818182
7,3.857142857142857
39,5.410256410256411
25,4.44
26,5.269230769230769
26,4.769230769230769
33,4.515151515151516
61,4.639344262295082
60,4.416666666666667
37,4.324324324324325
33,4.484848484848484
14,5.0
32,4.65625
8,3.875
40,4.45
43,4.534883720930233
34,4.5
18,5.166666666666667
30,4.266666666666667
54,4.462962962962963
13,4.153846153846154
20,4.9
68,4.75
3,8.333333333333334
50,4.68
28,4.142857142857143
39,5.0256410256410255
8,4.625
16,4.625
21,3.5238095238095237
9,3.3333333333333335
39,4.641025641025641
17,5.235294117647059
18,4.333333333333333
19,3.8421052631578947
22,4.954545454545454
39,4.794871794871795
11,4.818181818181818
36,4.388888888888889
42,4.9523809523809526
53,5.622641509433962
9,3.6666666666666665
11,3.8181818181818183
51,4.921568627450981
94,4.819148936170213
31,4.129032258064516
44,4.5
46,4.608695652173913
8,5.5
8,4.125
41,4.634146341463414
57,4.421052631578948
34,4.9411764705882355
34,3.911764705882353
55,4.618181818181818
30,5.4
52,4.519230769230769
23,4.391304347826087
33,5.0606060606060606
118,4.6440677966101696
15,4.8
15,3.933333333333333
23,4.956521739130435
22,4.7727272727272725
22,4.590909090909091
9,5.666666666666667
49,4.857142857142857
19,5.368421052631579
29,4.827586206896552
37,4.783783783783784
36,5.027777777777778
46,4.282608695652174
13,5.615384615384615
26,4.923076923076923
27,4.518518518518518
34,4.0588235294117645
9,4.222222222222222
27,4.407407407407407
9,3.6666666666666665
12,5.0
56,4.446428571428571
9,4.666666666666667
41,3.7560975609756095
10,3.8
6,4.0
10,4.2
20,4.35
12,4.083333333333333
12,3.1666666666666665
5,4.0
7,3.857142857142857
14,4.5
12,4.333333333333333
27,4.37037037037037
9,4.0
10,4.1
12,4.333333333333333
42,4.714285714285714
32,4.46875
8,4.5
32,5.3125
30,4.6
17,4.823529411764706
14,5.214285714285714
15,4.733333333333333
71,4.352112676056338
39,4.410256410256411
17,4.411764705882353
63,5.0476190476190474
51,4.490196078431373
17,3.823529411764706
5,3.4
4,4.0
13,3.3076923076923075
11,5.909090909090909
12,4.75
18,3.6666666666666665
14,4.071428571428571
2,4.0
5,3.2
11,4.7272727272727275
37,3.8378378378378377
3,3.3333333333333335
6,5.166666666666667
16,4.5625
16,3.375
17,5.529411764705882
7,4.142857142857143
17,3.8823529411764706
13,4.0
19,4.526315789473684
3,3.3333333333333335
16,3.8125
43,4.232558139534884
17,4.470588235294118
3,5.666666666666667
6,4.666666666666667
12,3.6666666666666665
5,5.0
12,5.0
9,7.444444444444445
39,4.128205128205129
49,4.020408163265306
43,3.7209302325581395
10,4.4
34,5.235294117647059
27,4.185185185185185
4,3.75
5,5.0
4,6.0
28,4.107142857142857
11,4.909090909090909
15,4.2
12,4.083333333333333
8,4.875
7,4.0
27,4.037037037037037
35,4.285714285714286
16,5.5
9,3.4444444444444446
4,3.0
18,3.5555555555555554
5,3.6
9,5.222222222222222
6,4.833333333333333
4,4.0
7,4.285714285714286
19,3.736842105263158
5,4.8
36,4.527777777777778
24,4.25
18,4.0
17,4.705882352941177
16,5.1875
22,3.6818181818181817
16,5.1875
7,3.4285714285714284
31,3.903225806451613
17,3.4705882352941178
20,4.8
40,4.65
58,4.413793103448276
15,4.2
6,5.833333333333333
14,3.5
3,5.333333333333333
17,3.6470588235294117
17,4.176470588235294
6,3.3333333333333335
10,3.8
4,3.25
15,4.733333333333333
5,3.8
10,4.4
11,4.090909090909091
8,4.25
31,3.903225806451613
24,5.125
16,4.75
50,4.6
51,5.0588235294117645
27,4.666666666666667
46,4.391304347826087
30,4.966666666666667
26,4.538461538461538
18,4.944444444444445
30,4.733333333333333
28,5.035714285714286
12,5.833333333333333
9,4.555555555555555
20,5.0
12,3.5
6,3.8333333333333335
12,4.416666666666667
12,4.083333333333333
19,3.789473684210526
17,3.823529411764706
2,4.0
2,4.0
25,3.84
13,3.5384615384615383
28,4.25
8,5.125
8,3.375
12,2.5
26,4.3076923076923075
26,3.8461538461538463
38,4.657894736842105
11,5.090909090909091
13,4.0
6,2.8333333333333335
6,4.5
39,4.410256410256411
15,4.133333333333334
6,3.8333333333333335
37,4.1891891891891895
21,4.571428571428571
19,4.684210526315789
7,4.428571428571429
20,4.9
10,4.5
28,4.071428571428571
5,5.0
9,4.666666666666667
2,2.5
12,3.5
2,4.0
16,4.25
17,4.294117647058823
14,3.5714285714285716
19,4.368421052631579
15,6.066666666666666
17,4.705882352941177
43,3.813953488372093
33,3.5757575757575757
9,3.3333333333333335
44,4.340909090909091
4,3.75
8,3.125
8,4.625
8,3.625
6,5.666666666666667
49,4.775510204081633
31,5.419354838709677
50,4.64
25,4.68
25,4.44
40,5.0
52,4.769230769230769
15,5.4
26,4.3076923076923075
44,4.5227272727272725
15,4.866666666666666
8,6.5
35,5.114285714285714
53,4.830188679245283
60,4.666666666666667
9,3.888888888888889
22,4.590909090909091
32,3.71875
14,3.2142857142857144
11,3.272727272727273
13,4.461538461538462
6,5.0
8,4.25
11,3.727272727272727
9,3.6666666666666665
11,3.4545454545454546
13,3.0
6,4.666666666666667
8,3.375
15,3.4
29,4.206896551724138
6,3.5
1,2.0
4,5.25
18,4.166666666666667
8,4.375
79,4.012658227848101
14,3.357142857142857
13,3.6153846153846154
12,3.3333333333333335
7,2.857142857142857
15,4.0
11,4.363636363636363
24,3.75
11,3.6363636363636362
14,4.071428571428571
15,4.466666666666667
25,3.4
34,4.617647058823529
35,4.542857142857143
35,4.3428571428571425
43,4.8604651162790695
17,4.882352941176471
4,5.25
8,3.625
6,3.1666666666666665
8,4.5
10,3.4
7,4.857142857142857
12,5.25
23,3.739130434782609
11,3.909090909090909
31,3.967741935483871
27,5.0
37,4.5675675675675675
64,4.703125
15,5.8
20,5.35
27,4.7407407407407405
36,4.305555555555555
14,5.142857142857143
14,4.428571428571429
22,4.590909090909091
24,4.458333333333333
14,4.0
31,3.806451612903226
11,4.363636363636363
7,4.857142857142857
16,3.875
9,4.222222222222222
6,2.8333333333333335
13,3.8461538461538463
9,3.2222222222222223
7,5.0
16,4.6875
10,4.1
22,4.681818181818182
46,4.478260869565218
16,4.1875
33,4.484848484848484
34,4.529411764705882
32,4.03125
21,3.9523809523809526
59,4.135593220338983
8,4.0
24,3.7916666666666665
30,3.7666666666666666
52,4.153846153846154
27,3.7037037037037037
40,3.95
4,4.75
26,4.115384615384615
29,4.620689655172414
7,3.4285714285714284
21,4.809523809523809
6,3.8333333333333335
15,4.733333333333333
10,3.7
9,4.0
2,4.0
25,4.52
9,5.333333333333333
11,4.090909090909091
48,4.354166666666667
33,5.242424242424242
17,4.764705882352941
20,4.15
26,4.769230769230769
45,4.933333333333334
43,4.27906976744186
56,4.321428571428571
16,4.6875
27,3.259259259259259
8,3.125
35,5.057142857142857
7,6.0
13,3.923076923076923
32,4.0625
33,5.151515151515151
7,4.714285714285714
37,4.837837837837838
16,5.125
31,4.483870967741935
27,3.8518518518518516
14,5.928571428571429
10,4.7
21,4.190476190476191
41,3.951219512195122
15,4.933333333333334
111,4.558558558558558
17,4.294117647058823
39,4.487179487179487
11,5.181818181818182
23,4.826086956521739
22,3.909090909090909
44,4.590909090909091
42,4.595238095238095
5,4.0
20,4.5
8,4.5
35,4.857142857142857
12,4.666666666666667
38,5.394736842105263
17,4.9411764705882355
13,3.8461538461538463
9,4.333333333333333
18,5.055555555555555
7,5.285714285714286
38,4.131578947368421
19,3.3684210526315788
10,3.2
6,2.6666666666666665
18,4.833333333333333
3,4.333333333333333
38,3.8684210526315788
16,4.9375
18,5.055555555555555
10,3.3
7,4.571428571428571
11,5.454545454545454
8,4.375
9,4.222222222222222
9,3.2222222222222223
20,3.55
1,2.0
29,4.206896551724138
6,2.6666666666666665
2,5.5
25,4.16
10,4.3
9,6.0
36,4.611111111111111
18,4.111111111111111
20,4.95
10,4.6
2,6.0
7,3.857142857142857
5,6.0
8,4.25
1,2.0
7,4.571428571428571
22,4.318181818181818
13,4.153846153846154
29,5.344827586206897
14,5.357142857142857
54,4.2407407407407405
28,4.071428571428571
11,4.363636363636363
14,4.857142857142857
6,5.666666666666667
23,4.739130434782608
35,4.171428571428572
17,3.764705882352941
25,5.56
41,4.414634146341464
51,4.607843137254902
50,4.36
39,4.461538461538462
25,5.2
17,4.352941176470588
61,4.311475409836065
38,4.973684210526316
36,4.75
21,4.380952380952381
44,4.318181818181818
11,4.909090909090909
59,4.779661016949152
29,4.9655172413793105
29,5.0344827586206895
12,4.666666666666667
47,4.23404255319149
25,4.36
27,4.555555555555555
8,4.875
14,4.071428571428571
8,5.375
12,4.333333333333333
16,5.625
10,3.5
14,4.142857142857143
60,4.933333333333334
31,5.064516129032258
7,4.857142857142857
50,4.22
21,4.333333333333333
17,3.823529411764706
8,2.875
7,4.285714285714286
40,4.4
4,3.0
2,7.0
22,4.2272727272727275
1,2.0
14,4.214285714285714
16,3.875
4,3.25
6,4.166666666666667
12,3.9166666666666665
14,4.071428571428571
6,3.1666666666666665
7,4.571428571428571
12,3.9166666666666665
10,5.1
5,4.4
8,3.25
8,3.625
45,5.155555555555556
20,4.15
38,4.421052631578948
12,5.5
60,4.516666666666667
29,4.0344827586206895
13,4.769230769230769
10,4.4
25,5.32
34,4.352941176470588
11,5.181818181818182
16,4.5625
31,4.580645161290323
23,4.739130434782608
18,4.833333333333333
23,4.3478260869565215
13,4.538461538461538
9,4.777777777777778
32,4.59375
45,4.777777777777778
1,6.0
18,3.7777777777777777
63,4.476190476190476
23,4.695652173913044
6,5.0
33,5.212121212121212
40,5.225
47,4.829787234042553
7,3.2857142857142856
55,4.181818181818182
17,5.235294117647059
16,5.4375
22,4.545454545454546
48,5.145833333333333
41,4.7073170731707314
12,4.75
56,4.678571428571429
44,4.363636363636363
54,4.425925925925926
43,4.744186046511628
26,5.115384615384615
7,5.142857142857143
41,4.585365853658536
25,4.76
16,4.75
52,4.653846153846154
51,4.352941176470588
21,5.285714285714286
46,4.543478260869565
50,4.6
13,5.6923076923076925
14,4.928571428571429
24,4.25
11,4.454545454545454
7,3.7142857142857144
2,3.5
1,2.0
11,3.8181818181818183
14,4.571428571428571
6,4.0
4,3.25
6,3.3333333333333335
6,4.0
16,3.75
3,3.0
4,2.5
4,3.25
2,3.0
4,4.25
7,4.285714285714286
15,4.466666666666667
12,4.416666666666667
5,4.6
5,4.4
2,5.5
4,4.5
9,5.0
7,3.2857142857142856
11,4.363636363636363
15,4.466666666666667
4,4.0
4,4.0
8,5.125
20,4.15
14,4.571428571428571
8,4.375
28,4.107142857142857
24,4.458333333333333
16,4.0625
12,3.5833333333333335
40,4.85
14,4.285714285714286
6,4.166666666666667
10,4.3
9,4.333333333333333
3,3.3333333333333335
1,3.0
6,3.3333333333333335
2,3.5
5,3.8
10,4.5
7,4.714285714285714
6,4.166666666666667
10,3.8
37,4.4324324324324325
15,3.8
9,3.111111111111111
16,4.375
17,4.294117647058823
5,3.4
18,4.944444444444445
31,5.258064516129032
16,4.0625
4,4.5
14,4.642857142857143
38,4.157894736842105
5,6.4
37,4.243243243243243
9,3.888888888888889
17,5.764705882352941
27,4.518518518518518
6,3.8333333333333335
10,4.7
30,5.0
21,4.571428571428571
31,4.709677419354839
40,4.125
30,4.566666666666666
43,4.4186046511627906
94,4.26595744680851
9,4.222222222222222
71,4.577464788732394
51,4.686274509803922
24,5.0
53,4.3584905660377355
26,4.653846153846154
59,4.6440677966101696
75,4.8133333333333335
38,4.7894736842105265
20,4.85
45,4.622222222222222
54,4.555555555555555
13,4.230769230769231
27,4.333333333333333
114,4.543859649122807
52,4.596153846153846
12,4.666666666666667
44,4.568181818181818
37,4.621621621621622
12,3.5833333333333335
28,5.428571428571429
20,4.85
38,4.7894736842105265
9,5.222222222222222
44,5.181818181818182
20,4.45
23,4.173913043478261
8,4.125
51,4.411764705882353
13,5.076923076923077
30,5.1
59,4.694915254237288
15,4.2
22,4.5
19,4.894736842105263
51,4.313725490196078
29,4.862068965517241
62,4.370967741935484
44,4.5227272727272725
7,3.2857142857142856
6,4.5
6,2.8333333333333335
16,3.75
2,3.5
4,4.5
7,3.7142857142857144
14,4.0
22,4.363636363636363
12,3.9166666666666665
12,3.75
9,5.444444444444445
6,4.333333333333333
10,5.7
35,3.7142857142857144
13,4.0
4,6.5
4,3.75
24,3.5
17,4.764705882352941
50,4.32
14,3.5
14,4.5
23,5.0
6,3.1666666666666665
46,4.782608695652174
37,3.864864864864865
12,3.9166666666666665
18,4.111111111111111
10,4.8
52,4.576923076923077
34,4.323529411764706
35,3.9714285714285715
47,4.404255319148936
9,3.5555555555555554
14,4.285714285714286
10,4.3
10,5.8
26,3.730769230769231
27,4.444444444444445
7,3.857142857142857
19,3.736842105263158
10,4.3
8,4.625
5,4.6
22,4.954545454545454
9,3.888888888888889
6,7.666666666666667
26,4.076923076923077
11,5.181818181818182
10,4.1
22,4.7272727272727275
18,4.611111111111111
21,4.333333333333333
15,4.333333333333333
20,4.15
19,4.052631578947368
8,4.75
7,4.714285714285714
13,4.769230769230769
7,4.428571428571429
17,4.529411764705882
5,7.4
34,4.529411764705882
16,3.9375
14,4.714285714285714
64,4.265625
17,6.117647058823529
31,4.935483870967742
42,4.333333333333333
51,4.705882352941177
28,4.535714285714286
20,4.65
51,5.019607843137255
30,3.7666666666666666
12,3.75
5,4.0
34,4.264705882352941
24,3.625
18,4.611111111111111
34,4.323529411764706
36,3.9166666666666665
21,3.857142857142857
4,5.25
28,4.214285714285714
14,4.214285714285714
17,4.117647058823529
19,4.157894736842105
13,3.923076923076923
32,4.03125
24,4.708333333333333
19,4.368421052631579
21,3.9523809523809526
7,3.5714285714285716
5,4.0
8,3.625
7,4.285714285714286
8,3.375
17,4.764705882352941
12,4.416666666666667
10,4.4
12,5.583333333333333
49,4.020408163265306
14,4.642857142857143
15,5.333333333333333
7,3.2857142857142856
38,4.473684210526316
22,4.2272727272727275
7,4.857142857142857
3,8.0
32,4.4375
34,4.294117647058823
4,6.25
27,4.888888888888889
7,3.5714285714285716
8,3.75
21,3.5714285714285716
53,4.415094339622642
5,4.4
55,4.527272727272727
20,5.35
78,4.884615384615385
16,4.25
41,4.585365853658536
5,6.0
9,3.5555555555555554
57,4.5964912280701755
18,4.777777777777778
17,4.529411764705882
26,4.6923076923076925
74,4.418918918918919
13,5.846153846153846
41,4.926829268292683
17,4.705882352941177
40,4.25
11,4.090909090909091
7,3.0
41,4.414634146341464
88,4.5227272727272725
6,3.8333333333333335
8,5.25
18,4.277777777777778
22,4.181818181818182
47,4.553191489361702
22,4.318181818181818
28,3.7142857142857144
5,4.4
8,3.5
12,5.333333333333333
7,4.714285714285714
2,3.5
8,3.75
6,3.1666666666666665
8,4.5
21,4.095238095238095
20,3.65
12,4.583333333333333
5,2.4
23,3.782608695652174
3,5.0
12,4.583333333333333
15,3.8
11,5.181818181818182
22,4.363636363636363
17,5.0588235294117645
13,4.0
7,5.0
14,4.214285714285714
28,4.071428571428571
7,4.571428571428571
26,4.038461538461538
17,4.647058823529412
11,4.2727272727272725
38,4.578947368421052
14,4.142857142857143
26,3.576923076923077
14,4.571428571428571
11,4.0
3,4.0
9,3.888888888888889
7,4.571428571428571
28,3.892857142857143
43,4.511627906976744
8,5.0
22,3.590909090909091
17,4.470588235294118
11,3.3636363636363638
5,3.2
13,4.846153846153846
1,2.0
21,4.238095238095238
3,3.0
18,4.0
21,4.238095238095238
20,3.75
4,4.5
5,3.0
30,4.133333333333334
8,4.125
14,4.142857142857143
70,4.4714285714285715
9,4.777777777777778
12,5.166666666666667
9,3.6666666666666665
13,3.8461538461538463
10,3.1
12,5.25
13,4.846153846153846
12,3.6666666666666665
8,4.875
7,2.857142857142857
9,5.555555555555555
40,4.0
19,4.473684210526316
14,3.7857142857142856
22,4.409090909090909
40,4.975
24,4.291666666666667
20,4.1
18,4.444444444444445
33,4.787878787878788
31,4.161290322580645
32,4.28125
36,5.111111111111111
19,4.842105263157895
10,6.4
29,5.448275862068965
83,4.409638554216867
47,4.553191489361702
44,4.681818181818182
41,4.609756097560975
19,5.473684210526316
48,4.520833333333333
21,5.380952380952381
22,4.363636363636363
52,4.211538461538462
46,4.173913043478261
48,4.666666666666667
26,4.5
24,4.458333333333333
6,5.0
15,3.8
8,4.5
22,4.318181818181818
4,2.75
6,4.666666666666667
14,3.642857142857143
5,8.2
7,5.142857142857143
21,5.0
29,4.241379310344827
41,4.902439024390244
55,4.490909090909091
16,4.625
41,4.634146341463414
17,3.764705882352941
12,5.75
48,4.645833333333333
19,4.105263157894737
17,5.0588235294117645
9,4.0
15,4.4
24,5.333333333333333
26,4.576923076923077
17,4.823529411764706
22,4.590909090909091
7,5.571428571428571
25,3.76
18,4.333333333333333
6,4.0
38,4.368421052631579
11,4.181818181818182
5,5.0
4,3.0
46,4.586956521739131
37,4.54054054054054
12,4.666666666666667
54,4.462962962962963
25,4.52
11,4.363636363636363
8,3.375
2,5.5
33,4.242424242424242
9,4.666666666666667
22,5.181818181818182
15,4.2
12,4.083333333333333
16,4.75
9,3.5555555555555554
11,4.909090909090909
10,5.4
21,4.666666666666667
15,4.466666666666667
2,7.0
10,6.3
8,5.375
11,5.545454545454546
15,4.533333333333333
21,4.142857142857143
5,3.6
14,4.642857142857143
18,3.9444444444444446
9,3.888888888888889
8,3.875
9,5.333333333333333
40,4.775
35,5.6
8,4.5
9,3.7777777777777777
5,4.4
12,4.833333333333333
18,4.722222222222222
64,4.390625
35,3.8857142857142857
18,5.444444444444445
88,4.431818181818182
6,4.5
18,4.222222222222222
21,4.142857142857143
24,4.208333333333333
9,4.222222222222222
17,4.588235294117647
16,4.5625
11,4.363636363636363
13,3.6923076923076925
41,4.2439024390243905
11,5.545454545454546
63,4.968253968253968
31,5.096774193548387
20,4.85
37,4.945945945945946
36,5.0
21,3.9523809523809526
31,4.032258064516129
30,4.0
42,4.142857142857143
20,4.75
26,4.076923076923077
39,4.076923076923077
10,3.9
17,4.0588235294117645
36,5.388888888888889
6,5.333333333333333
10,4.0
47,4.638297872340425
55,4.581818181818182
27,4.666666666666667
21,4.142857142857143
47,4.808510638297872
68,4.544117647058823
39,4.6923076923076925
33,3.909090909090909
11,4.909090909090909
28,4.464285714285714
23,4.391304347826087
8,3.5
39,4.82051282051282
16,3.8125
29,4.758620689655173
5,4.4
44,5.090909090909091
13,3.6923076923076925
11,5.2727272727272725
23,3.9130434782608696
42,4.523809523809524
29,4.827586206896552
26,4.076923076923077
45,3.9555555555555557
34,5.0588235294117645
7,5.142857142857143
37,5.405405405405405
2,4.0
6,3.3333333333333335
64,4.65625
40,4.775
21,4.476190476190476
10,3.6
40,4.875
23,4.434782608695652
6,5.666666666666667
41,5.146341463414634
16,4.5625
17,4.705882352941177
14,4.928571428571429
20,5.15
9,4.333333333333333
43,3.9302325581395348
20,3.6
29,4.655172413793103
19,4.368421052631579
14,3.9285714285714284
33,4.7272727272727275
30,4.5
29,4.172413793103448
56,4.5
34,5.147058823529412
39,4.358974358974359
21,3.7142857142857144
51,4.666666666666667
13,4.0
29,5.0
62,4.435483870967742
9,4.222222222222222
58,4.620689655172414
28,4.464285714285714
21,4.238095238095238
46,4.5
7,5.714285714285714
17,3.764705882352941
32,4.1875
35,4.142857142857143
16,4.8125
59,4.406779661016949
19,4.631578947368421
29,4.551724137931035
9,6.0
6,3.0
12,4.5
30,4.4
11,3.909090909090909
23,4.565217391304348
105,4.59047619047619
29,3.9655172413793105
40,4.55
10,3.4
32,4.6875
31,5.064516129032258
7,5.285714285714286
38,4.421052631578948
26,3.8461538461538463
23,5.478260869565218
31,3.870967741935484
48,5.229166666666667
53,4.584905660377358
7,3.2857142857142856
34,4.352941176470588
24,4.291666666666667
10,4.3
38,4.526315789473684
19,5.0
36,4.694444444444445
36,4.388888888888889
19,4.421052631578948
6,4.166666666666667
57,4.982456140350878
7,7.0
12,5.416666666666667
3,4.0
6,5.0
38,4.315789473684211
63,4.412698412698413
39,4.538461538461538
18,4.277777777777778
50,4.06
41,5.121951219512195
24,5.708333333333333
7,4.142857142857143
50,4.68
30,4.733333333333333
38,4.5
17,4.352941176470588
19,4.157894736842105
16,4.9375
59,4.8474576271186445
6,5.666666666666667
42,4.642857142857143
14,4.785714285714286
2,3.5
67,5.119402985074627
51,4.549019607843137
20,5.75
10,4.5
20,4.8
21,4.857142857142857
38,4.368421052631579
62,4.661290322580645
11,5.181818181818182
36,4.888888888888889
39,5.0
176,4.880681818181818
6,5.5
17,5.235294117647059
5,4.6
10,4.3
8,4.125
19,5.105263157894737
5,5.8
5,4.4
13,3.8461538461538463
8,3.75
35,5.057142857142857
7,4.285714285714286
33,4.878787878787879
9,4.777777777777778
22,4.136363636363637
23,5.434782608695652
11,4.636363636363637
28,5.071428571428571
29,4.344827586206897
46,4.891304347826087
10,4.6
65,4.676923076923077
75,5.04
54,4.537037037037037
14,4.785714285714286
14,4.642857142857143
60,4.766666666666667
47,4.51063829787234
42,4.690476190476191
5,4.0
5,4.4
7,5.428571428571429
10,5.0
24,3.75
19,3.8947368421052633
6,4.666666666666667
5,3.6
25,4.36
6,6.666666666666667
22,4.2727272727272725
55,4.218181818181818
12,3.6666666666666665
23,4.086956521739131
7,3.5714285714285716
12,3.6666666666666665
7,3.857142857142857
8,3.75
10,3.8
9,5.555555555555555
4,4.25
8,3.75
1,2.0
11,4.0
10,4.5
77,3.7142857142857144
15,4.066666666666666
4,6.75
9,4.111111111111111
21,4.142857142857143
4,4.5
6,4.833333333333333
13,3.8461538461538463
15,5.4
21,4.238095238095238
22,4.636363636363637
8,4.875
10,4.3
23,3.652173913043478
9,3.111111111111111
1,2.0
2,4.5
6,4.0
12,4.0
5,5.0
1,2.0
3,5.0
13,3.5384615384615383
44,4.681818181818182
42,4.523809523809524
14,3.5714285714285716
15,5.266666666666667
41,5.121951219512195
33,4.909090909090909
28,4.392857142857143
5,4.8
36,5.0
33,5.212121212121212
26,5.961538461538462
6,4.5
27,4.444444444444445
29,5.068965517241379
28,4.678571428571429
36,4.694444444444445
43,5.023255813953488
20,4.25
65,4.476923076923077
41,4.439024390243903
34,5.352941176470588
39,4.17948717948718
12,3.9166666666666665
13,3.923076923076923
57,4.543859649122807
10,5.4
28,4.642857142857143
26,4.769230769230769
51,4.862745098039215
21,5.238095238095238
8,3.125
8,4.625
35,4.685714285714286
31,4.645161290322581
16,4.4375
13,3.3846153846153846
40,4.35
23,4.304347826086956
14,3.7142857142857144
14,5.214285714285714
9,4.0
31,4.774193548387097
19,4.2631578947368425
2,6.5
9,4.222222222222222
27,4.222222222222222
21,4.714285714285714
21,4.571428571428571
60,4.8
39,4.589743589743589
30,4.366666666666666
17,4.411764705882353
2,6.0
18,3.7777777777777777
7,4.428571428571429
10,4.1
12,4.75
7,3.2857142857142856
11,4.7272727272727275
31,4.935483870967742
26,5.230769230769231
18,4.333333333333333
23,4.565217391304348
92,4.478260869565218
63,4.555555555555555
29,4.758620689655173
26,4.961538461538462
6,4.666666666666667
27,3.5185185185185186
10,5.2
19,3.0526315789473686
22,2.9545454545454546
14,4.357142857142857
31,4.129032258064516
24,4.333333333333333
3,4.333333333333333
6,6.833333333333333
22,3.6363636363636362
17,4.0
9,3.5555555555555554
10,4.4
17,4.647058823529412
2,5.0
26,4.461538461538462
16,3.375
4,3.5
12,4.916666666666667
16,4.0625
13,4.769230769230769
11,3.727272727272727
15,3.466666666666667
6,3.1666666666666665
6,2.5
10,3.0
19,3.4210526315789473
9,4.555555555555555
3,4.0
12,3.6666666666666665
3,4.333333333333333
5,3.4
10,5.3
12,3.3333333333333335
13,4.076923076923077
8,2.75
20,4.45
31,5.387096774193548
42,4.5476190476190474
9,4.0
18,3.5
17,3.823529411764706
18,3.6666666666666665
6,4.166666666666667
5,4.2
18,3.611111111111111
10,3.6
4,6.25
12,5.0
12,4.083333333333333
22,3.6818181818181817
1,4.0
22,3.6818181818181817
2,3.0
14,3.7142857142857144
31,3.870967741935484
30,3.6666666666666665
18,4.277777777777778
36,3.7222222222222223
24,3.5416666666666665
1,4.0
3,3.6666666666666665
5,3.6
6,3.8333333333333335
17,4.235294117647059
29,4.827586206896552
18,4.888888888888889
7,4.428571428571429
30,4.5
102,4.53921568627451
1,2.0
15,3.1333333333333333
74,3.810810810810811
10,3.3
10,4.0
7,3.4285714285714284
10,3.3
15,4.133333333333334
18,4.333333333333333
11,5.363636363636363
15,4.333333333333333
9,3.6666666666666665
18,4.166666666666667
29,4.344827586206897
25,3.8
8,5.0
16,4.3125
13,5.538461538461538
22,4.045454545454546
33,4.333333333333333
39,4.923076923076923
53,4.849056603773585
29,5.689655172413793
37,4.648648648648648
26,4.769230769230769
24,4.541666666666667
9,4.0
2,4.0
2,2.0
11,4.090909090909091
13,3.5384615384615383
15,3.6
19,4.526315789473684
8,3.625
28,4.964285714285714
16,5.4375
21,4.619047619047619
19,3.9473684210526314
11,4.181818181818182
29,3.9310344827586206
18,3.5555555555555554
13,4.230769230769231
12,3.4166666666666665
4,4.0
5,4.0
4,3.5
9,4.777777777777778
3,6.333333333333333
9,4.222222222222222
10,3.8
5,4.8
8,2.75
1,2.0
16,3.75
19,4.578947368421052
22,3.9545454545454546
2,5.5
10,4.9
8,4.75
14,5.071428571428571
14,3.857142857142857
17,3.7058823529411766
19,4.105263157894737
20,3.4
26,4.884615384615385
20,3.65
4,3.75
8,4.625
35,3.2857142857142856
1,2.0
4,3.25
25,4.88
1,9.0
19,5.2105263157894735
10,3.7
20,4.7
19,4.684210526315789
4,4.25
7,3.857142857142857
11,4.818181818181818
38,4.157894736842105
31,4.129032258064516
6,2.5
18,4.166666666666667
22,3.8636363636363638
8,3.875
4,4.0
11,4.0
16,4.25
6,4.166666666666667
10,5.3
35,3.942857142857143
13,5.615384615384615
25,4.2
34,5.0
31,4.290322580645161
14,4.357142857142857
19,4.105263157894737
4,3.75
9,5.222222222222222
82,4.817073170731708
18,4.0
14,3.7142857142857144
9,3.7777777777777777
13,3.769230769230769
25,4.0
25,4.0
12,3.9166666666666665
2,3.0
6,3.1666666666666665
5,4.0
24,3.5416666666666665
25,3.32
15,4.866666666666666
16,5.1875
8,3.375
8,3.5
8,4.625
13,3.5384615384615383
10,5.2
4,3.5
9,4.222222222222222
11,4.0
7,4.714285714285714
7,3.2857142857142856
15,4.2
14,4.0
11,4.090909090909091
21,3.9047619047619047
19,3.736842105263158
13,3.8461538461538463
11,4.090909090909091
3,4.666666666666667
21,4.476190476190476
5,6.0
21,4.571428571428571
29,5.172413793103448
2,5.0
6,3.0
5,2.6
9,4.555555555555555
7,3.5714285714285716
21,5.619047619047619
17,4.235294117647059
8,4.0
9,3.4444444444444446
7,3.5714285714285716
3,5.666666666666667
2,2.5
7,3.5714285714285716
5,4.6
8,4.5
17,3.5294117647058822
11,6.454545454545454
16,4.1875
27,4.333333333333333
31,4.645161290322581
12,4.833333333333333
28,4.714285714285714
27,4.666666666666667
48,5.333333333333333
23,3.8260869565217392
21,3.142857142857143
15,4.533333333333333
64,4.25
51,4.862745098039215
46,4.434782608695652
43,4.651162790697675
2,6.5
3,5.333333333333333
9,4.444444444444445
3,5.0
6,3.0
18,4.555555555555555
17,4.0
4,5.0
7,3.857142857142857
14,4.142857142857143
25,5.32
7,4.0
41,4.219512195121951
70,4.742857142857143
7,5.0
6,5.166666666666667
6,6.833333333333333
1,2.0
32,4.53125
26,4.346153846153846
31,4.354838709677419
14,3.9285714285714284
4,3.0
29,3.8275862068965516
18,3.9444444444444446
9,5.111111111111111
14,4.714285714285714
22,4.0
23,4.695652173913044
15,4.266666666666667
25,4.6
25,5.36
13,6.0
17,4.764705882352941
17,4.235294117647059
48,4.645833333333333
23,4.565217391304348
16,4.4375
22,5.045454545454546
24,5.0
11,3.909090909090909
22,5.318181818181818
24,4.583333333333333
44,5.0
63,4.841269841269841
75,4.44
39,4.794871794871795
7,4.142857142857143
18,4.111111111111111
3,5.333333333333333
5,4.4
4,4.25
8,5.0
3,5.333333333333333
8,5.0
1,6.0
11,3.909090909090909
5,2.8
16,4.0
12,4.166666666666667
20,4.0
2,2.0
2,6.5
12,3.75
20,4.85
55,4.6909090909090905
67,4.537313432835821
31,3.967741935483871
36,4.166666666666667
42,3.7857142857142856
19,4.368421052631579
24,3.75
40,4.875
23,4.3478260869565215
12,5.083333333333333
16,3.875
68,4.897058823529412
27,4.925925925925926
44,4.75
17,5.352941176470588
38,4.631578947368421
18,4.444444444444445
20,4.75
38,4.342105263157895
16,5.0
58,5.051724137931035
62,4.725806451612903
20,5.3
90,4.711111111111111
37,4.783783783783784
46,5.239130434782608
50,4.62
13,4.076923076923077
10,6.1
27,4.666666666666667
27,5.074074074074074
29,4.517241379310345
111,4.306306306306307
20,5.15
5,5.6
20,4.6
79,4.569620253164557
39,4.743589743589744
90,4.088888888888889
27,4.2592592592592595
43,4.325581395348837
22,5.045454545454546
20,4.25
10,5.3
16,4.375
23,4.173913043478261
7,5.0
12,4.333333333333333
20,4.3
56,4.589285714285714
22,4.863636363636363
36,6.75
33,4.878787878787879
3,6.666666666666667
10,4.4
52,5.0
17,3.1176470588235294
18,5.0
13,5.615384615384615
17,3.411764705882353
15,4.4
8,4.5
3,7.333333333333333
19,4.473684210526316
27,4.222222222222222
5,5.8
23,4.304347826086956
10,4.0
9,5.111111111111111
12,5.583333333333333
4,4.25
24,3.6666666666666665
30,5.0
18,5.055555555555555
7,4.142857142857143
13,4.3076923076923075
64,4.453125
7,4.571428571428571
35,4.6571428571428575
11,4.636363636363637
23,4.3478260869565215
19,4.7894736842105265
45,4.888888888888889
39,4.743589743589744
8,5.25
3,7.0
25,4.36
24,4.291666666666667
29,4.758620689655173
8,5.375
30,4.333333333333333
21,4.9523809523809526
6,5.833333333333333
10,4.9
13,4.923076923076923
19,5.526315789473684
37,4.135135135135135
22,4.954545454545454
45,4.866666666666666
11,4.181818181818182
10,5.1
26,3.9615384615384617
25,4.48
12,5.166666666666667
20,4.45
35,4.371428571428571
17,4.705882352941177
10,3.5
17,5.705882352941177
9,4.111111111111111
33,4.0606060606060606
19,3.3684210526315788
15,4.333333333333333
17,4.588235294117647
13,3.923076923076923
21,4.190476190476191
12,3.3333333333333335
16,5.1875
7,4.0
6,5.166666666666667
11,4.090909090909091
3,5.0
25,3.64
19,4.2105263157894735
6,3.1666666666666665
10,5.1
19,4.473684210526316
9,4.0
3,5.0
1,2.0
11,5.181818181818182
7,3.7142857142857144
23,4.086956521739131
36,5.333333333333333
12,3.9166666666666665
29,3.5172413793103448
8,5.375
11,3.8181818181818183
11,3.0
10,3.1
5,4.4
20,3.85
17,4.0
41,4.390243902439025
13,4.846153846153846
12,4.333333333333333
30,4.133333333333334
8,3.75
6,2.3333333333333335
15,3.3333333333333335
30,5.066666666666666
5,5.2
5,3.2
2,5.0
9,4.555555555555555
19,3.6842105263157894
9,6.0
9,4.555555555555555
20,4.4
43,4.744186046511628
27,4.2592592592592595
16,3.625
15,3.533333333333333
16,3.75
9,4.0
2,8.0
22,4.5
5,4.8
10,4.1
53,4.584905660377358
16,4.4375
12,5.333333333333333
10,3.6
15,3.8666666666666667
9,3.5555555555555554
17,4.705882352941177
47,4.808510638297872
20,4.5
15,4.333333333333333
32,4.25
20,5.35
13,4.6923076923076925
27,4.851851851851852
13,4.769230769230769
12,4.916666666666667
17,4.882352941176471
13,3.5384615384615383
11,3.090909090909091
60,4.833333333333333
35,4.6571428571428575
52,4.403846153846154
22,4.409090909090909
15,4.8
35,5.2
20,5.8
42,4.904761904761905
38,4.5
51,4.784313725490196
56,4.125
25,4.68
28,4.821428571428571
7,5.0
14,4.714285714285714
7,3.857142857142857
13,3.769230769230769
14,4.0
1,2.0
4,3.25
12,3.4166666666666665
35,4.685714285714286
11,4.909090909090909
9,5.444444444444445
9,4.0
11,4.454545454545454
24,4.583333333333333
21,3.857142857142857
12,3.3333333333333335
83,4.253012048192771
21,4.238095238095238
31,4.096774193548387
25,3.96
26,4.0
25,4.64
58,4.482758620689655
19,4.052631578947368
13,4.153846153846154
35,4.485714285714286
53,4.283018867924528
44,4.704545454545454
74,4.445945945945946
37,4.5675675675675675
19,4.157894736842105
29,4.862068965517241
16,4.3125
22,4.545454545454546
60,4.633333333333334
8,4.0
27,4.148148148148148
43,4.441860465116279
13,4.0
8,4.0
45,4.533333333333333
32,4.84375
10,4.7
19,4.052631578947368
30,5.066666666666666
56,4.642857142857143
15,5.0
15,5.333333333333333
15,5.133333333333334
5,4.0
16,3.9375
12,4.083333333333333
9,4.111111111111111
43,4.72093023255814
25,5.44
13,4.0
8,4.375
63,4.809523809523809
34,4.411764705882353
24,4.666666666666667
7,4.714285714285714
35,4.6571428571428575
23,4.173913043478261
22,4.045454545454546
24,3.9583333333333335
46,4.6521739130434785
12,3.9166666666666665
13,5.461538461538462
15,4.266666666666667
24,4.375
21,4.285714285714286
14,4.0
14,4.0
20,4.9
21,4.523809523809524
33,4.363636363636363
21,4.619047619047619
24,4.708333333333333
11,5.0
25,3.92
21,3.9523809523809526
11,4.0
17,4.470588235294118
7,6.142857142857143
27,4.2592592592592595
12,3.6666666666666665
35,4.142857142857143
14,4.5
29,3.8275862068965516
12,5.916666666666667
35,3.942857142857143
6,4.0
13,4.769230769230769
20,4.55
19,3.789473684210526
7,5.428571428571429
19,4.0
71,4.661971830985915
35,4.857142857142857
51,4.588235294117647
41,4.7073170731707314
49,4.326530612244898
41,4.317073170731708
18,4.777777777777778
55,4.072727272727272
29,5.344827586206897
39,4.487179487179487
32,4.625
19,5.7894736842105265
48,4.791666666666667
37,4.594594594594595
12,5.666666666666667
17,5.235294117647059
30,4.633333333333334
14,4.428571428571429
27,4.7407407407407405
25,4.6
28,4.821428571428571
52,4.173076923076923
36,4.777777777777778
25,4.48
15,4.6
7,3.5714285714285716
10,5.2
45,4.666666666666667
21,5.190476190476191
8,3.625
55,4.363636363636363
12,5.083333333333333
12,4.583333333333333
17,3.9411764705882355
34,4.382352941176471
28,3.7857142857142856
10,5.1
12,5.083333333333333
48,4.708333333333333
51,3.9411764705882355
17,4.411764705882353
32,4.40625
24,4.041666666666667
72,4.597222222222222
79,4.8354430379746836
73,4.8493150684931505
44,4.545454545454546
18,5.111111111111111
29,4.862068965517241
49,4.816326530612245
30,5.033333333333333
53,4.735849056603773
35,4.4
21,4.238095238095238
31,3.903225806451613
10,4.7
26,3.8076923076923075
46,4.695652173913044
43,4.790697674418604
17,5.764705882352941
34,4.264705882352941
17,4.117647058823529
56,4.696428571428571
49,4.489795918367347
6,4.166666666666667
26,4.153846153846154
59,4.915254237288136
20,4.55
39,4.948717948717949
60,4.816666666666666
50,4.2
67,4.223880597014926
80,4.3
5,4.2
18,4.5
7,5.142857142857143
25,4.76
51,4.705882352941177
21,5.0476190476190474
34,4.970588235294118
28,4.142857142857143
41,5.048780487804878
12,4.5
32,4.1875
47,5.0638297872340425
30,4.266666666666667
28,4.821428571428571
36,4.472222222222222
6,5.0
13,4.6923076923076925
26,4.5
31,4.645161290322581
13,4.846153846153846
57,4.298245614035087
33,4.878787878787879
53,4.622641509433962
43,4.209302325581396
64,4.59375
49,4.469387755102041
40,4.8
32,4.90625
9,3.5555555555555554
51,5.568627450980392
30,4.966666666666667
80,4.65
12,4.916666666666667
45,5.0
40,4.5
36,5.222222222222222
40,4.825
37,5.1891891891891895
6,4.5
14,5.285714285714286
24,4.583333333333333
25,4.24
29,3.896551724137931
7,3.7142857142857144
13,4.153846153846154
35,5.285714285714286
18,3.7222222222222223
18,4.277777777777778
10,5.1
31,4.290322580645161
27,4.518518518518518
41,4.7073170731707314
55,4.636363636363637
9,3.3333333333333335
19,4.2631578947368425
37,4.216216216216216
27,3.962962962962963
23,5.304347826086956
21,4.9523809523809526
40,4.9
73,4.3561643835616435
14,4.928571428571429
28,4.0
15,4.066666666666666
38,5.105263157894737
34,4.470588235294118
9,3.5555555555555554
39,3.923076923076923
3,6.0
10,4.5
5,3.2
7,4.0
15,4.333333333333333
22,4.454545454545454
16,4.3125
6,4.5
5,4.2
21,4.0
19,4.894736842105263
6,4.666666666666667
12,3.9166666666666665
10,4.6
13,4.3076923076923075
12,3.75
20,3.3
44,5.090909090909091
37,4.45945945945946
21,3.761904761904762
39,4.0256410256410255
16,5.25
7,4.142857142857143
21,4.761904761904762
17,3.9411764705882355
9,4.111111111111111
5,5.2
30,4.533333333333333
16,4.0
6,3.1666666666666665
11,5.0
31,4.774193548387097
23,4.391304347826087
9,3.5555555555555554
9,3.3333333333333335
8,4.125
15,3.8
49,4.387755102040816
1,10.0
8,4.0
22,4.045454545454546
7,3.0
10,3.8
15,3.933333333333333
14,3.2142857142857144
20,4.7
33,4.121212121212121
13,3.8461538461538463
1,5.0
36,3.7777777777777777
28,3.7142857142857144
15,4.533333333333333
41,4.073170731707317
29,4.586206896551724
1,2.0
5,3.8
41,4.2926829268292686
39,4.538461538461538
20,4.05
2,3.5
4,3.75
30,4.3
9,4.222222222222222
22,4.7272727272727275
27,5.37037037037037
43,4.325581395348837
11,4.363636363636363
9,3.0
4,3.25
10,4.9
7,4.142857142857143
19,4.315789473684211
19,3.8947368421052633
18,5.722222222222222
5,4.2
12,3.9166666666666665
6,4.833333333333333
18,4.722222222222222
7,4.857142857142857
9,3.4444444444444446
16,4.125
5,5.4
17,4.0588235294117645
6,2.8333333333333335
18,3.6666666666666665
10,4.8
7,3.2857142857142856
7,5.714285714285714
5,6.2
2,2.5
23,4.739130434782608
12,4.166666666666667
25,4.12
13,4.0
9,2.7777777777777777
7,4.0
6,3.8333333333333335
5,4.0
7,5.285714285714286
9,4.444444444444445
11,3.0
10,3.5
3,7.666666666666667
4,4.25
23,4.434782608695652
7,6.428571428571429
21,4.857142857142857
24,5.333333333333333
35,4.114285714285714
10,4.5
91,4.637362637362638
21,4.523809523809524
18,4.111111111111111
18,5.0
2,2.5
11,3.3636363636363638
8,5.375
16,3.8125
42,4.833333333333333
73,5.054794520547945
19,5.684210526315789
80,4.75
32,4.4375
17,4.882352941176471
13,4.769230769230769
10,4.9
42,4.976190476190476
7,3.4285714285714284
51,4.980392156862745
31,5.129032258064516
17,5.470588235294118
11,5.909090909090909
11,5.363636363636363
7,3.5714285714285716
75,4.453333333333333
52,4.961538461538462
19,4.473684210526316
26,4.8076923076923075
27,5.37037037037037
9,3.4444444444444446
8,3.875
3,5.333333333333333
15,3.1333333333333333
14,3.5714285714285716
4,4.0
4,4.0
11,4.0
14,3.7857142857142856
7,2.7142857142857144
22,4.090909090909091
59,4.4576271186440675
58,4.413793103448276
42,4.285714285714286
45,4.2444444444444445
10,4.6
17,4.470588235294118
8,4.375
5,3.6
7,5.285714285714286
14,3.857142857142857
18,4.0
8,3.75
16,3.8125
17,4.647058823529412
6,3.3333333333333335
6,2.8333333333333335
14,3.5714285714285716
19,4.315789473684211
1,2.0
14,4.571428571428571
14,3.7142857142857144
7,4.714285714285714
15,4.866666666666666
33,4.757575757575758
5,4.0
5,4.2
6,4.833333333333333
6,3.5
18,4.666666666666667
9,4.777777777777778
4,4.0
30,4.9
38,4.315789473684211
14,3.857142857142857
57,4.12280701754386
28,3.7857142857142856
32,4.1875
8,3.25
7,4.0
34,4.352941176470588
26,3.9615384615384617
19,4.842105263157895
22,4.363636363636363
9,6.222222222222222
18,4.222222222222222
24,3.7916666666666665
7,3.7142857142857144
25,4.48
12,3.5
32,4.125
7,3.5714285714285716
15,4.6
6,5.666666666666667
39,4.358974358974359
28,4.535714285714286
18,4.555555555555555
7,4.142857142857143
15,4.0
7,4.142857142857143
14,3.857142857142857
2,2.5
7,3.2857142857142856
25,3.96
17,4.0
49,4.204081632653061
26,4.346153846153846
14,4.214285714285714
18,4.5
20,4.35
3,5.0
35,4.057142857142857
18,3.7777777777777777
59,4.796610169491525
41,4.7560975609756095
7,5.428571428571429
18,4.944444444444445
21,4.9523809523809526
18,4.611111111111111
62,4.516129032258065
29,4.896551724137931
27,4.888888888888889
4,4.25
14,3.7142857142857144
5,3.2
10,3.3
7,3.857142857142857
5,4.0
29,3.896551724137931
17,4.529411764705882
5,3.8
4,3.0
13,4.6923076923076925
13,4.230769230769231
7,4.714285714285714
8,4.375
4,3.75
2,7.0
3,3.6666666666666665
7,4.142857142857143
40,4.525
18,4.444444444444445
32,4.6875
50,4.88
60,5.516666666666667
35,3.742857142857143
12,3.6666666666666665
33,3.4545454545454546
21,3.7142857142857144
3,4.333333333333333
32,3.625
30,3.3666666666666667
46,4.565217391304348
29,3.689655172413793
10,3.8
37,3.4864864864864864
36,3.4722222222222223
1,2.0
15,4.2
25,3.76
31,3.870967741935484
8,4.375
50,3.78
28,4.035714285714286
6,3.6666666666666665
7,3.5714285714285716
64,4.328125
76,4.447368421052632
26,4.8076923076923075
11,4.090909090909091
46,4.5
39,4.564102564102564
22,4.2727272727272725
73,4.47945205479452
16,4.4375
17,5.117647058823529
35,5.057142857142857
50,4.88
4,6.0
5,4.8
11,5.2727272727272725
8,4.375
22,4.818181818181818
6,3.0
9,4.666666666666667
35,4.142857142857143
9,4.888888888888889
9,3.5555555555555554
6,5.5
22,4.5
23,4.6521739130434785
20,4.65
12,4.166666666666667
27,4.481481481481482
18,4.0
29,4.0
15,3.8666666666666667
7,4.285714285714286
4,3.25
11,4.818181818181818
6,4.333333333333333
16,3.6875
8,5.0
25,3.76
20,3.65
9,4.888888888888889
18,5.444444444444445
6,4.666666666666667
12,5.0
9,3.111111111111111
12,4.25
34,4.176470588235294
35,3.4
15,3.4
36,3.6944444444444446
7,3.0
6,4.333333333333333
16,4.5625
29,3.5517241379310347
33,3.727272727272727
1,7.0
6,4.333333333333333
9,3.6666666666666665
5,6.6
1,2.0
3,9.0
7,4.857142857142857
12,3.4166666666666665
15,4.0
17,4.117647058823529
3,4.0
6,3.1666666666666665
6,4.0
10,3.7
13,4.6923076923076925
1,2.0
23,4.043478260869565
4,2.5
4,3.25
11,3.6363636363636362
31,3.7419354838709675
14,4.571428571428571
10,4.1
5,3.2
7,3.0
10,4.6
28,3.7142857142857144
21,4.0476190476190474
24,4.041666666666667
10,3.3
34,4.0
28,4.535714285714286
5,8.8
11,4.090909090909091
24,4.625
30,4.166666666666667
18,4.666666666666667
36,4.472222222222222
39,4.256410256410256
40,3.725
29,4.0344827586206895
26,4.423076923076923
25,4.24
12,4.166666666666667
61,4.311475409836065
26,4.769230769230769
20,4.15
48,5.270833333333333
20,4.45
30,4.6
28,4.821428571428571
71,4.52112676056338
94,4.617021276595745
27,4.111111111111111
20,4.75
55,4.381818181818182
25,4.28
8,3.875
17,4.0588235294117645
20,4.65
35,4.714285714285714
23,4.086956521739131
38,4.473684210526316
23,3.9130434782608696
12,5.083333333333333
26,4.6923076923076925
57,4.701754385964913
44,4.5227272727272725
40,4.775
35,4.485714285714286
14,4.428571428571429
77,4.35064935064935
36,4.25
38,4.842105263157895
34,4.882352941176471
37,4.243243243243243
5,2.6
1,3.0
26,4.269230769230769
28,4.071428571428571
30,4.366666666666666
18,3.7777777777777777
45,4.466666666666667
18,5.166666666666667
16,3.9375
13,5.384615384615385
5,4.6
2,4.5
2,4.0
4,5.5
7,2.4285714285714284
23,4.3478260869565215
41,4.975609756097561
28,4.607142857142857
9,4.111111111111111
2,4.0
11,4.0
14,3.5714285714285716
32,3.6875
18,4.777777777777778
24,4.708333333333333
35,4.685714285714286
12,5.333333333333333
61,5.081967213114754
13,4.230769230769231
14,5.0
39,3.769230769230769
40,4.425
5,4.8
12,3.0
10,4.9
9,3.6666666666666665
9,3.5555555555555554
16,3.1875
10,4.5
6,4.0
8,3.5
9,4.0
11,3.6363636363636362
18,4.444444444444445
32,4.46875
13,4.461538461538462
17,4.0588235294117645
37,3.6216216216216215
11,3.8181818181818183
13,4.0
4,3.75
13,3.923076923076923
18,3.5555555555555554
17,4.0
14,4.785714285714286
26,3.769230769230769
13,4.0
9,4.222222222222222
23,3.0434782608695654
90,4.355555555555555
5,3.4
6,4.333333333333333
21,4.476190476190476
12,3.9166666666666665
14,3.5
56,4.321428571428571
35,4.714285714285714
38,4.157894736842105
6,3.8333333333333335
10,3.4
9,3.888888888888889
8,3.625
8,4.25
8,3.75
7,5.571428571428571
4,3.25
15,3.933333333333333
5,6.0
29,3.6551724137931036
21,3.9047619047619047
15,4.333333333333333
17,3.6470588235294117
8,4.0
43,3.8372093023255816
52,4.596153846153846
22,5.090909090909091
17,3.764705882352941
22,5.2727272727272725
38,4.0
36,4.527777777777778
25,4.6
15,4.066666666666666
21,3.9523809523809526
5,3.4
12,4.166666666666667
2,4.0
1,3.0
1,8.0
3,4.0
6,5.333333333333333
9,3.6666666666666665
13,4.3076923076923075
6,4.666666666666667
6,4.5
2,7.0
7,3.0
15,4.133333333333334
1,2.0
10,4.7
10,4.4
13,4.153846153846154
12,3.5
13,4.230769230769231
15,4.0
2,6.0
9,3.6666666666666665
4,4.0
6,2.5
5,3.8
7,3.7142857142857144
36,3.4166666666666665
1,5.0
2,3.5
7,3.5714285714285716
30,3.6666666666666665
14,4.214285714285714
10,4.7
1,2.0
6,3.6666666666666665
10,4.6
8,3.25
19,4.105263157894737
17,3.8823529411764706
3,5.666666666666667
2,6.0
9,3.0
19,4.421052631578948
17,4.529411764705882
7,3.857142857142857
9,4.666666666666667
4,4.0
8,3.375
22,4.409090909090909
2,3.5
23,4.217391304347826
24,4.916666666666667
10,3.5
8,4.5
44,4.136363636363637
11,4.090909090909091
26,5.423076923076923
8,3.875
16,4.25
11,3.6363636363636362
23,3.9130434782608696
21,3.619047619047619
31,4.612903225806452
17,4.588235294117647
7,3.0
19,4.7368421052631575
22,4.136363636363637
14,4.571428571428571
10,3.4
7,4.142857142857143
13,5.230769230769231
15,4.733333333333333
12,4.583333333333333
6,5.666666666666667
26,4.576923076923077
20,4.3
10,4.4
17,4.588235294117647
4,3.75
2,4.0
4,5.5
4,4.0
5,3.4
6,4.166666666666667
4,4.25
6,2.8333333333333335
6,4.666666666666667
6,2.6666666666666665
6,3.6666666666666665
6,5.0
10,4.5
17,3.4705882352941178
6,3.5
6,3.8333333333333335
9,3.0
4,3.75
9,3.888888888888889
29,5.206896551724138
16,4.5625
14,4.5
17,3.588235294117647
39,3.4871794871794872
1,4.0
4,2.5
10,3.8
2,5.0
4,3.75
7,4.0
25,3.12
17,5.117647058823529
42,4.833333333333333
23,4.217391304347826
7,4.285714285714286
23,3.4782608695652173
14,3.0714285714285716
7,4.428571428571429
13,3.076923076923077
9,3.7777777777777777
1,2.0
3,4.333333333333333
9,3.6666666666666665
22,3.6363636363636362
8,4.5
25,4.84
21,3.857142857142857
44,4.590909090909091
43,4.162790697674419
7,3.5714285714285716
29,4.103448275862069
27,4.481481481481482
47,4.531914893617022
22,4.090909090909091
31,3.774193548387097
28,4.5
17,3.6470588235294117
20,5.1
14,5.071428571428571
18,4.555555555555555
30,4.166666666666667
41,4.975609756097561
30,4.766666666666667
50,4.38
34,4.352941176470588
24,4.875
17,5.176470588235294
26,4.115384615384615
15,5.8
9,4.555555555555555
35,4.6
52,4.6923076923076925
31,4.161290322580645
10,3.9
45,4.711111111111111
32,5.34375
28,4.178571428571429
20,3.75
13,5.461538461538462
32,4.0
11,5.363636363636363
13,4.846153846153846
11,4.818181818181818
27,4.407407407407407
16,4.75
6,5.333333333333333
34,5.088235294117647
38,4.394736842105263
60,4.716666666666667
11,4.363636363636363
56,4.732142857142857
50,4.52
12,4.416666666666667
27,4.703703703703703
14,4.428571428571429
17,4.0
15,4.666666666666667
20,4.2
33,4.575757575757576
24,3.7916666666666665
20,4.35
14,5.142857142857143
45,4.733333333333333
16,5.3125
21,4.476190476190476
15,5.066666666666666
28,5.321428571428571
8,4.5
35,5.0
19,4.684210526315789
20,3.5
25,4.28
30,4.1
16,4.1875
15,3.466666666666667
24,4.541666666666667
41,4.7317073170731705
27,4.851851851851852
16,3.3125
12,4.5
34,4.529411764705882
14,4.0
2,4.0
1,1.0
1,8.0
22,4.5
10,3.7
63,4.492063492063492
18,3.5555555555555554
14,3.857142857142857
11,4.2727272727272725
29,4.724137931034483
67,4.358208955223881
28,4.678571428571429
34,4.352941176470588
33,4.787878787878788
21,4.761904761904762
17,3.823529411764706
40,4.675
2,4.0
11,4.818181818181818
25,4.96
18,4.055555555555555
39,4.846153846153846
15,4.4
12,5.25
13,4.538461538461538
9,5.333333333333333
10,5.4
46,4.5
44,4.886363636363637
31,4.612903225806452
20,4.7
6,4.166666666666667
43,4.790697674418604
13,4.230769230769231
25,4.68
31,4.129032258064516
2,6.0
20,3.3
12,3.3333333333333335
6,4.0
3,5.666666666666667
23,4.869565217391305
10,4.5
62,3.8548387096774195
6,4.666666666666667
25,3.92
28,4.035714285714286
17,3.588235294117647
23,4.217391304347826
6,5.0
49,4.122448979591836
21,4.0476190476190474
6,3.1666666666666665
9,3.2222222222222223
10,3.4
6,3.8333333333333335
7,3.857142857142857
11,2.8181818181818183
10,3.1
15,3.2
4,2.5
2,3.0
5,4.6
7,3.2857142857142856
12,3.5
29,3.6551724137931036
6,4.5
3,4.333333333333333
32,3.59375
22,4.181818181818182
11,4.363636363636363
23,4.173913043478261
34,4.205882352941177
25,4.12
19,4.526315789473684
86,4.441860465116279
6,4.666666666666667
18,3.8333333333333335
29,3.793103448275862
31,4.258064516129032
14,3.4285714285714284
10,3.7
15,4.533333333333333
1,2.0
4,3.75
9,3.0
7,3.4285714285714284
8,5.875
13,3.923076923076923
20,3.45
11,3.5454545454545454
22,4.090909090909091
23,3.9130434782608696
21,3.7142857142857144
13,3.769230769230769
39,3.8205128205128207
20,3.55
7,4.142857142857143
14,4.285714285714286
24,3.875
15,3.533333333333333
34,3.323529411764706
16,3.6875
26,4.3076923076923075
2,3.5
5,6.6
2,2.5
9,3.7777777777777777
3,4.333333333333333
3,4.0
10,3.1
5,5.0
4,4.5
7,2.857142857142857
15,3.6
8,4.25
1,2.0
13,5.461538461538462
20,4.0
18,4.166666666666667
22,4.136363636363637
8,4.125
21,4.285714285714286
20,4.3
16,4.9375
40,4.4
38,4.447368421052632
35,4.742857142857143
41,3.975609756097561
41,4.926829268292683
19,4.7368421052631575
50,4.1
3,7.0
1,1.0
34,4.176470588235294
15,4.4
26,3.923076923076923
11,4.636363636363637
29,3.9310344827586206
13,4.230769230769231
17,4.294117647058823
11,4.0
21,4.0476190476190474
32,4.15625
24,4.375
38,4.5
28,4.535714285714286
7,4.428571428571429
22,4.318181818181818
13,3.8461538461538463
42,4.119047619047619
35,4.057142857142857
16,5.0625
26,4.076923076923077
16,3.5625
24,4.375
32,4.09375
10,5.7
4,4.0
9,5.111111111111111
43,4.441860465116279
11,5.0
20,3.9
18,3.888888888888889
32,4.75
35,4.685714285714286
20,4.9
20,3.65
13,3.769230769230769
29,4.275862068965517
26,4.769230769230769
17,5.235294117647059
11,4.2727272727272725
17,4.352941176470588
31,4.612903225806452
28,4.178571428571429
32,4.4375
22,3.8181818181818183
5,4.2
21,3.761904761904762
11,3.3636363636363638
19,3.8947368421052633
6,4.833333333333333
14,4.357142857142857
16,3.9375
38,3.9210526315789473
21,4.476190476190476
73,4.260273972602739
13,3.923076923076923
14,4.071428571428571
30,4.833333333333333
19,3.3684210526315788
32,4.71875
22,4.636363636363637
36,4.277777777777778
46,4.260869565217392
9,3.6666666666666665
25,3.8
12,4.416666666666667
68,3.9705882352941178
31,4.419354838709677
17,3.0588235294117645
22,4.590909090909091
15,4.533333333333333
17,3.8823529411764706
31,3.6774193548387095
17,4.176470588235294
26,4.576923076923077
10,4.7
5,5.0
24,3.4166666666666665
14,3.642857142857143
15,3.8
6,3.1666666666666665
9,4.444444444444445
4,4.75
1,8.0
27,4.851851851851852
61,4.573770491803279
72,4.597222222222222
15,3.8
11,3.5454545454545454
49,4.959183673469388
3,7.0
9,4.777777777777778
7,3.0
7,3.857142857142857
16,4.875
58,4.706896551724138
21,4.761904761904762
12,4.666666666666667
1,2.0
22,5.2272727272727275
11,3.8181818181818183
19,3.8947368421052633
11,4.454545454545454
8,4.0
33,5.121212121212121
26,4.615384615384615
11,4.454545454545454
6,3.1666666666666665
19,4.526315789473684
8,3.5
10,4.0
1,4.0
5,4.2
4,2.5
11,4.2727272727272725
18,4.055555555555555
5,5.2
28,3.4285714285714284
8,4.25
9,4.0
11,3.4545454545454546
3,3.0
5,3.2
15,4.0
12,5.0
6,5.166666666666667
21,4.380952380952381
6,4.833333333333333
8,3.5
11,5.363636363636363
14,4.071428571428571
1,11.0
9,3.6666666666666665
10,4.5
7,4.0
5,3.0
2,4.0
14,4.428571428571429
10,3.7
7,3.142857142857143
7,3.2857142857142856
13,3.3846153846153846
8,3.625
7,3.4285714285714284
14,3.5714285714285716
4,5.0
3,7.666666666666667
8,4.125
7,4.857142857142857
2,7.5
18,4.166666666666667
17,3.5294117647058822
16,4.375
6,2.5
13,4.461538461538462
25,4.2
2,3.5
16,3.875
42,4.5476190476190474
2,3.0
7,4.857142857142857
16,3.625
48,3.9583333333333335
8,3.625
11,3.3636363636363638
23,4.391304347826087
44,4.75
44,4.295454545454546
1,2.0
10,3.9
2,3.0
3,3.0
7,4.285714285714286
7,3.4285714285714284
5,2.6
11,4.454545454545454
6,3.5
7,3.857142857142857
10,5.2
9,5.0
22,3.090909090909091
10,3.7
6,4.166666666666667
13,4.6923076923076925
13,4.230769230769231
16,4.0625
6,4.666666666666667
13,4.846153846153846
12,4.5
5,3.0
21,4.285714285714286
12,3.6666666666666665
35,4.514285714285714
30,4.366666666666666
7,4.142857142857143
12,3.8333333333333335
18,4.222222222222222
5,3.8
7,3.5714285714285716
18,3.0555555555555554
14,3.9285714285714284
6,4.0
6,3.3333333333333335
14,3.857142857142857
9,3.4444444444444446
42,3.738095238095238
12,4.416666666666667
31,3.774193548387097
14,4.428571428571429
46,3.9347826086956523
9,4.0
16,3.8125
16,3.875
18,3.4444444444444446
13,4.0
9,3.6666666666666665
56,4.517857142857143
26,4.5
6,3.6666666666666665
31,4.774193548387097
12,4.583333333333333
20,5.15
19,3.6315789473684212
2,2.0
23,3.869565217391304
16,3.4375
23,5.434782608695652
7,4.0
9,3.4444444444444446
5,3.6
20,4.05
18,3.2777777777777777
14,4.285714285714286
9,4.0
16,4.1875
36,4.666666666666667
23,3.391304347826087
23,4.304347826086956
21,3.5714285714285716
11,3.909090909090909
19,3.9473684210526314
23,4.434782608695652
3,5.333333333333333
32,4.46875
18,5.055555555555555
25,4.84
10,4.6
31,4.387096774193548
13,3.6923076923076925
15,3.6
1,2.0
15,3.933333333333333
2,7.0
4,4.0
2,6.0
2,3.5
6,2.5
27,3.5925925925925926
8,5.375
33,5.0
5,6.8
41,4.121951219512195
36,4.472222222222222
67,4.313432835820896
32,5.28125
45,4.266666666666667
6,3.6666666666666665
17,4.0588235294117645
35,4.428571428571429
14,4.857142857142857
31,5.483870967741935
26,4.346153846153846
8,4.25
26,4.038461538461538
18,4.0
9,4.555555555555555
20,4.75
34,4.9411764705882355
35,5.171428571428572
23,4.913043478260869
22,3.772727272727273
13,3.923076923076923
48,4.5
15,5.266666666666667
10,4.7
7,3.857142857142857
2,3.5
5,3.0
20,4.25
10,4.1
14,3.642857142857143
5,3.8
11,3.8181818181818183
20,4.0
13,4.846153846153846
6,4.666666666666667
6,3.6666666666666665
16,3.625
21,3.0952380952380953
8,4.375
21,4.333333333333333
22,3.8636363636363638
4,2.75
9,5.333333333333333
7,4.285714285714286
9,4.444444444444445
37,3.7027027027027026
24,3.7916666666666665
23,4.043478260869565
2,5.5
12,4.166666666666667
23,4.0
33,4.515151515151516
5,3.8
30,3.8
22,3.409090909090909
9,7.111111111111111
29,4.620689655172414
22,4.681818181818182
21,3.6666666666666665
14,4.928571428571429
10,3.7
34,5.147058823529412
25,3.92
22,4.090909090909091
24,4.291666666666667
17,3.9411764705882355
30,4.233333333333333
34,3.735294117647059
25,3.96
20,5.0
4,4.0
62,4.048387096774194
31,4.612903225806452
7,5.428571428571429
18,3.611111111111111
11,3.8181818181818183
22,3.5454545454545454
7,3.4285714285714284
9,3.4444444444444446
3,5.666666666666667
7,3.4285714285714284
32,4.9375
13,4.153846153846154
15,4.066666666666666
8,3.375
18,4.611111111111111
7,6.714285714285714
4,3.5
15,3.3333333333333335
19,3.4210526315789473
39,4.435897435897436
31,4.612903225806452
30,4.833333333333333
16,4.375
21,4.333333333333333
5,4.0
9,6.111111111111111
37,4.783783783783784
39,4.948717948717949
16,5.5
18,4.166666666666667
14,3.7857142857142856
8,3.125
18,4.666666666666667
33,4.090909090909091
44,4.545454545454546
43,5.162790697674419
26,4.846153846153846
21,4.428571428571429
17,3.0588235294117645
18,4.166666666666667
39,4.358974358974359
30,4.0
7,2.857142857142857
10,4.0
31,4.645161290322581
7,3.5714285714285716
14,3.7857142857142856
22,4.090909090909091
9,4.888888888888889
27,4.62962962962963
7,4.857142857142857
3,4.333333333333333
6,4.0
5,4.0
11,4.636363636363637
21,4.0476190476190474
24,4.333333333333333
56,4.339285714285714
7,5.142857142857143
38,4.2631578947368425
31,4.903225806451613
18,3.6666666666666665
12,4.333333333333333
11,3.4545454545454546
16,4.1875
39,4.3076923076923075
12,3.6666666666666665
13,3.3846153846153846
8,3.875
1,2.0
10,4.2
3,4.0
29,4.137931034482759
64,4.265625
12,4.25
12,4.416666666666667
7,3.4285714285714284
2,7.5
6,3.1666666666666665
5,3.8
3,4.333333333333333
25,4.32
20,4.45
23,4.521739130434782
21,3.8095238095238093
10,3.4
5,4.8
15,4.0
11,3.8181818181818183
15,4.0
14,4.5
14,4.214285714285714
18,3.888888888888889
13,4.076923076923077
19,5.157894736842105
13,3.4615384615384617
9,4.333333333333333
1,3.0
16,4.1875
4,4.5
16,4.6875
16,3.8125
28,4.107142857142857
6,3.8333333333333335
3,3.3333333333333335
4,4.5
15,3.8666666666666667
5,4.6
31,3.3870967741935485
1,2.0
2,4.5
7,2.857142857142857
5,3.6
6,3.5
20,3.9
14,4.428571428571429
20,4.15
28,5.035714285714286
20,4.45
8,3.375
5,2.2
3,6.333333333333333
6,2.6666666666666665
39,3.871794871794872
25,4.48
21,3.857142857142857
5,4.4
21,3.5714285714285716
12,3.8333333333333335
28,4.607142857142857
8,5.25
14,5.071428571428571
42,5.261904761904762
35,4.628571428571429
10,4.3
32,4.84375
17,5.823529411764706
20,4.5
10,5.3
34,4.735294117647059
29,4.310344827586207
40,4.225
31,4.483870967741935
48,4.479166666666667
12,5.0
43,3.9767441860465116
30,5.533333333333333
3,3.3333333333333335
6,3.3333333333333335
5,3.0
1,2.0
6,4.0
17,5.529411764705882
12,4.583333333333333
22,3.9545454545454546
9,3.7777777777777777
21,4.428571428571429
7,3.5714285714285716
1,2.0
18,3.8333333333333335
7,4.0
22,4.318181818181818
32,4.625
13,4.461538461538462
7,5.428571428571429
6,5.666666666666667
21,4.238095238095238
4,4.25
8,3.75
5,4.0
10,3.0
19,3.8947368421052633
13,6.076923076923077
76,4.802631578947368
34,4.117647058823529
11,4.545454545454546
50,4.42
38,3.9210526315789473
7,3.4285714285714284
13,4.461538461538462
20,4.0
11,3.727272727272727
7,4.142857142857143
32,4.28125
4,2.5
11,5.818181818181818
3,5.666666666666667
12,3.75
13,3.6923076923076925
5,5.4
8,3.0
12,3.0
6,2.8333333333333335
9,3.0
11,3.8181818181818183
28,4.107142857142857
1,2.0
10,4.0
5,5.6
7,5.857142857142857
8,3.75
23,4.565217391304348
22,4.454545454545454
47,5.191489361702128
44,4.7272727272727275
31,4.548387096774194
25,3.8
6,4.166666666666667
6,5.333333333333333
7,3.2857142857142856
7,4.142857142857143
27,4.777777777777778
42,3.7142857142857144
14,4.642857142857143
2,4.0
16,4.1875
33,4.515151515151516
17,3.411764705882353
21,4.714285714285714
40,4.625
10,5.1
2,4.5
1,2.0
14,4.0
8,3.0
9,3.7777777777777777
17,3.176470588235294
13,4.769230769230769
24,3.5833333333333335
14,4.428571428571429
26,4.538461538461538
36,4.555555555555555
54,4.5
23,4.217391304347826
21,4.428571428571429
31,4.870967741935484
26,5.115384615384615
6,4.333333333333333
38,4.7894736842105265
32,4.625
20,5.05
20,5.2
20,4.25
7,4.0
7,5.571428571428571
9,3.6666666666666665
11,4.7272727272727275
7,3.5714285714285716
31,4.129032258064516
14,4.571428571428571
24,3.875
18,4.444444444444445
31,4.32258064516129
3,3.6666666666666665
7,3.7142857142857144
23,4.739130434782608
9,5.0
50,4.82
18,3.3333333333333335
14,4.428571428571429
9,4.222222222222222
16,5.1875
30,5.066666666666666
15,4.6
34,4.852941176470588
9,3.7777777777777777
8,3.375
30,4.3
12,4.0
5,8.2
5,5.0
16,3.5625
21,3.8095238095238093
14,3.857142857142857
27,4.37037037037037
12,3.9166666666666665
40,4.425
43,4.1395348837209305
25,4.72
7,4.571428571428571
11,5.2727272727272725
28,4.25
1,2.0
9,3.5555555555555554
8,5.875
11,3.727272727272727
6,3.3333333333333335
12,4.333333333333333
11,4.7272727272727275
11,4.181818181818182
6,3.0
7,4.714285714285714
11,3.6363636363636362
8,4.875
17,3.176470588235294
25,4.12
6,3.3333333333333335
12,3.25
8,3.125
10,4.2
20,4.1
20,4.0
5,4.8
14,4.428571428571429
2,3.5
7,4.0
6,3.1666666666666665
21,3.238095238095238
18,4.833333333333333
10,4.8
13,3.5384615384615383
47,4.382978723404255
11,3.5454545454545454
8,4.5
10,4.6
17,4.0588235294117645
7,3.2857142857142856
6,2.8333333333333335
33,4.0606060606060606
12,3.9166666666666665
5,5.8
21,4.190476190476191
12,3.0833333333333335
8,5.875
25,4.36
12,5.166666666666667
17,4.0
6,6.666666666666667
29,4.758620689655173
3,7.666666666666667
5,3.0
11,4.454545454545454
8,3.375
4,3.0
25,4.48
11,3.727272727272727
10,4.6
18,4.444444444444445
5,4.2
4,3.75
10,4.2
22,5.681818181818182
7,4.714285714285714
22,4.2727272727272725
12,5.583333333333333
5,3.4
7,3.142857142857143
23,3.782608695652174
13,4.923076923076923
14,3.642857142857143
1,4.0
5,5.0
5,3.8
6,4.0
8,4.75
21,4.333333333333333
10,3.4
28,4.821428571428571
4,6.5
12,4.25
8,3.375
7,4.714285714285714
9,4.444444444444445
13,4.076923076923077
14,3.7857142857142856
7,4.142857142857143
11,4.818181818181818
24,4.791666666666667
23,3.9130434782608696
26,5.423076923076923
19,4.2105263157894735
26,4.538461538461538
12,4.333333333333333
6,3.5
6,3.0
14,4.071428571428571
13,5.153846153846154
22,4.136363636363637
10,3.3
15,3.8
3,4.666666666666667
5,4.0
9,4.333333333333333
11,4.909090909090909
8,4.75
8,3.25
6,3.3333333333333335
8,4.75
5,5.6
13,3.8461538461538463
3,6.666666666666667
17,4.294117647058823
8,4.625
4,4.75
7,3.857142857142857
6,3.3333333333333335
31,4.354838709677419
3,2.6666666666666665
6,3.8333333333333335
11,4.363636363636363
21,3.9523809523809526
18,5.111111111111111
13,4.384615384615385
46,4.173913043478261
6,4.0
5,4.4
2,4.0
7,3.0
12,4.75
5,2.6
15,3.8
30,4.166666666666667
7,4.285714285714286
5,5.0
5,5.2
21,5.142857142857143
11,4.545454545454546
24,4.416666666666667
11,3.8181818181818183
6,4.333333333333333
7,5.285714285714286
13,3.8461538461538463
22,3.9545454545454546
11,4.181818181818182
20,5.4
32,5.0
27,5.0
8,3.5
55,4.545454545454546
19,4.842105263157895
44,5.045454545454546
24,5.75
46,4.695652173913044
68,4.338235294117647
27,5.222222222222222
45,4.222222222222222
8,3.625
23,4.565217391304348
27,4.148148148148148
12,4.75
26,4.153846153846154
45,4.733333333333333
26,3.8076923076923075
14,3.2857142857142856
32,4.34375
20,5.2
13,4.0
15,4.733333333333333
11,5.090909090909091
15,3.8666666666666667
9,4.888888888888889
56,4.875
26,4.384615384615385
6,4.166666666666667
3,4.333333333333333
7,3.0
8,4.625
27,4.962962962962963
15,4.133333333333334
45,4.466666666666667
44,4.386363636363637
10,4.0
25,5.32
41,4.7317073170731705
9,4.111111111111111
13,3.923076923076923
22,4.090909090909091
7,3.0
8,3.875
29,4.517241379310345
23,3.6956521739130435
3,4.333333333333333
16,5.0
14,4.071428571428571
4,4.25
1,2.0
1,3.0
3,3.3333333333333335
57,4.771929824561403
42,4.214285714285714
38,4.684210526315789
33,4.515151515151516
21,4.380952380952381
27,4.2592592592592595
7,5.285714285714286
19,4.7894736842105265
11,3.1818181818181817
18,3.7222222222222223
19,3.5789473684210527
1,2.0
6,6.0
5,3.2
6,4.5
25,4.76
16,5.0625
29,4.137931034482759
10,4.8
7,4.0
28,4.428571428571429
17,4.117647058823529
11,4.363636363636363
44,4.363636363636363
40,4.575
40,4.45
4,3.25
21,4.285714285714286
11,5.0
13,5.153846153846154
30,4.5
35,4.485714285714286
47,4.0638297872340425
15,4.4
20,3.95
19,3.8421052631578947
31,4.419354838709677
12,3.75
6,3.5
26,4.576923076923077
37,4.351351351351352
13,3.6923076923076925
25,4.04
6,4.166666666666667
12,3.5833333333333335
9,4.444444444444445
15,4.266666666666667
15,3.8
19,4.368421052631579
56,5.107142857142857
38,4.315789473684211
57,4.543859649122807
8,5.125
17,4.0588235294117645
88,5.045454545454546
11,5.545454545454546
17,3.823529411764706
29,5.068965517241379
20,4.6
20,4.3
11,3.1818181818181817
22,5.2272727272727275
3,5.666666666666667
7,4.714285714285714
16,4.625
21,4.857142857142857
8,4.375
30,4.333333333333333
17,4.705882352941177
4,4.5
27,4.62962962962963
14,4.5
15,3.466666666666667
5,3.8
14,3.9285714285714284
30,4.1
1,2.0
7,3.4285714285714284
7,4.571428571428571
13,3.8461538461538463
4,5.75
13,3.230769230769231
11,3.909090909090909
19,4.631578947368421
16,3.5625
7,4.285714285714286
20,4.4
12,4.666666666666667
42,4.571428571428571
29,4.551724137931035
12,4.083333333333333
5,4.6
7,3.5714285714285716
33,4.787878787878788
7,4.285714285714286
11,4.545454545454546
11,4.090909090909091
26,4.884615384615385
7,2.5714285714285716
12,5.583333333333333
15,4.066666666666666
18,3.5
14,4.214285714285714
74,4.445945945945946
22,4.2272727272727275
6,2.6666666666666665
12,4.5
6,4.0
10,3.6
17,4.705882352941177
8,4.75
3,3.3333333333333335
7,3.7142857142857144
9,4.777777777777778
13,4.384615384615385
14,4.0
9,4.111111111111111
2,3.5
16,4.0
16,3.8125
5,4.0
7,4.428571428571429
13,4.3076923076923075
24,4.416666666666667
49,4.0
24,4.125
71,5.0
19,4.157894736842105
32,4.1875
8,4.125
10,5.2
16,5.125
7,4.428571428571429
2,6.5
3,2.6666666666666665
11,3.5454545454545454
9,4.0
4,3.5
17,3.9411764705882355
26,3.6923076923076925
19,4.526315789473684
4,4.75
7,4.857142857142857
43,4.441860465116279
13,4.846153846153846
25,4.36
3,4.333333333333333
22,4.2727272727272725
12,4.916666666666667
2,2.5
5,6.2
24,4.458333333333333
16,4.125
29,4.0344827586206895
3,3.3333333333333335
19,4.421052631578948
6,4.333333333333333
25,4.96
20,3.7
26,4.769230769230769
5,3.8
12,4.0
26,4.230769230769231
19,4.052631578947368
17,4.588235294117647
8,6.75
10,6.4
40,4.925
45,4.2444444444444445
8,3.75
15,5.6
4,4.25
3,4.0
4,4.0
7,3.4285714285714284
6,3.5
6,5.0
19,3.526315789473684
6,3.5
6,4.0
8,3.625
5,5.0
2,3.5
3,3.3333333333333335
7,3.5714285714285716
6,4.166666666666667
6,3.1666666666666665
13,3.1538461538461537
11,4.181818181818182
11,3.909090909090909
6,5.5
10,5.0
2,5.0
5,3.0
8,3.75
12,4.583333333333333
13,4.615384615384615
7,3.2857142857142856
17,3.9411764705882355
5,4.0
8,3.75
3,4.0
9,5.333333333333333
10,4.1
9,4.0
2,3.5
7,5.857142857142857
12,3.5
2,2.5
17,3.176470588235294
4,3.25
13,3.6153846153846154
7,3.2857142857142856
6,4.5
6,4.0
12,3.6666666666666665
10,3.5
14,3.857142857142857
16,4.3125
23,5.3478260869565215
12,4.916666666666667
15,3.3333333333333335
7,3.142857142857143
34,4.029411764705882
11,4.0
13,4.153846153846154
13,2.8461538461538463
8,4.75
25,4.44
14,4.285714285714286
10,5.2
2,6.0
26,4.230769230769231
14,3.7142857142857144
20,4.0
6,3.3333333333333335
16,3.625
25,4.84
48,4.395833333333333
18,4.055555555555555
14,3.2857142857142856
22,3.4545454545454546
3,3.6666666666666665
9,4.0
16,5.125
31,4.193548387096774
30,3.5
7,4.714285714285714
19,4.421052631578948
9,5.888888888888889
28,4.785714285714286
55,4.454545454545454
28,4.178571428571429
71,4.408450704225352
35,4.085714285714285
4,4.5
11,4.818181818181818
7,3.7142857142857144
11,3.727272727272727
6,4.0
18,5.222222222222222
34,4.823529411764706
10,3.9
18,3.7777777777777777
6,3.8333333333333335
13,5.153846153846154
3,3.0
22,3.6818181818181817
16,3.0625
6,4.333333333333333
4,5.0
21,3.380952380952381
10,4.0
20,4.1
13,3.230769230769231
10,3.4
5,5.0
25,4.44
14,4.857142857142857
7,5.714285714285714
18,3.888888888888889
7,3.5714285714285716
82,4.780487804878049
15,3.533333333333333
8,3.5
13,3.923076923076923
17,4.9411764705882355
5,5.2
7,4.285714285714286
22,4.090909090909091
4,3.75
10,3.7
24,4.166666666666667
26,3.576923076923077
51,4.117647058823529
31,4.548387096774194
33,4.696969696969697
18,4.944444444444445
21,4.523809523809524
42,4.0
21,4.095238095238095
2,6.0
3,3.6666666666666665
2,4.5
2,3.0
2,3.5
5,4.2
5,3.4
1,2.0
3,5.0
8,3.375
9,5.111111111111111
7,4.285714285714286
5,3.8
4,4.0
2,5.0
2,3.0
4,3.25
10,4.7
6,3.5
3,4.333333333333333
4,3.0
5,4.8
3,7.0
4,4.0
2,3.0
5,3.6
4,4.5
27,4.666666666666667
15,4.2
11,4.0
8,4.125
6,2.6666666666666665
4,4.5
10,4.1
20,3.95
43,4.72093023255814
48,4.25
30,4.566666666666666
9,4.222222222222222
18,4.166666666666667
24,4.75
4,4.0
2,3.5
24,4.125
19,3.6315789473684212
5,2.8
12,3.25
37,4.243243243243243
10,4.3
8,3.75
9,4.0
5,3.8
14,4.642857142857143
18,5.166666666666667
11,4.181818181818182
45,4.444444444444445
22,4.863636363636363
19,3.6842105263157894
16,4.625
2,5.5
7,3.7142857142857144
9,3.111111111111111
58,4.120689655172414
15,4.0
16,3.75
11,4.7272727272727275
4,4.5
4,2.25
12,3.75
7,3.2857142857142856
22,4.045454545454546
17,3.588235294117647
13,3.5384615384615383
14,5.0
20,3.95
9,4.111111111111111
4,3.75
5,5.2
6,4.5
15,5.466666666666667
16,4.8125
13,3.230769230769231
17,4.235294117647059
20,3.85
11,3.909090909090909
10,4.4
8,5.125
23,3.391304347826087
35,3.914285714285714
15,4.333333333333333
11,4.2727272727272725
21,3.3333333333333335
28,3.7142857142857144
12,3.6666666666666665
94,4.5
6,5.333333333333333
38,4.684210526315789
19,3.736842105263158
12,3.5833333333333335
10,2.8
7,4.428571428571429
8,3.5
8,4.0
13,4.461538461538462
11,3.727272727272727
16,3.4375
9,4.111111111111111
2,4.0
29,4.206896551724138
10,4.8
9,3.888888888888889
8,4.25
11,3.1818181818181817
5,3.0
3,5.666666666666667
17,5.9411764705882355
20,4.5
29,4.379310344827586
19,4.947368421052632
22,4.5
29,5.172413793103448
9,4.666666666666667
33,4.787878787878788
46,4.630434782608695
7,5.142857142857143
32,4.65625
5,5.8
16,3.6875
48,4.625
20,3.85
96,4.552083333333333
23,4.3478260869565215
17,4.882352941176471
76,4.5
21,5.0
12,5.083333333333333
10,5.3
22,4.590909090909091
38,4.7631578947368425
17,4.411764705882353
14,4.785714285714286
32,4.9375
42,4.642857142857143
28,4.75
49,4.612244897959184
16,5.125
47,4.787234042553192
29,4.689655172413793
13,3.5384615384615383
19,3.263157894736842
25,3.28
29,3.793103448275862
27,3.6296296296296298
2,4.0
26,4.384615384615385
29,4.310344827586207
60,4.866666666666666
20,4.6
21,4.476190476190476
35,4.571428571428571
19,5.105263157894737
53,4.226415094339623
50,4.84
19,4.684210526315789
13,3.923076923076923
32,4.96875
22,4.7272727272727275
12,4.75
33,4.787878787878788
54,4.648148148148148
89,4.47191011235955
11,4.7272727272727275
34,4.705882352941177
